 Iter, NormResNorm, ResDivD, ResDivH, ResDivA, ResCurlSrc
1  6.6856549753767514E-01  1.0000000000000000E+00  1.9180831445462374E-16                     NaN  7.0169490078093788E-01
2  5.4506324340697032E-01  1.0000000000000000E+00  2.8547543536539602E-16  7.7635095127142117E-01  6.0051142932961465E-01
3  4.7558612333726624E-01  9.8088546326568193E-01  2.5012728391822950E-16  7.4757463938305746E-01  5.4707340298647178E-01
4  3.7991591926014479E-01  9.2438128698572730E-01  2.8852533974935239E-16  6.5924729214187661E-01  5.0397126313372109E-01
5  3.2638985190993036E-01  9.0576271952856224E-01  6.0588450664344840E-03  6.2634045345616518E-01  4.7094595698492775E-01
6  2.8442851288700005E-01  9.0738712602549088E-01  1.8539682294654192E-02  6.3170283333096855E-01  4.4347815082089570E-01
7  2.6525661779544729E-01  8.7404790083631334E-01  3.1626078928343800E-02  6.2326202526155905E-01  4.1538588043825725E-01
8  2.2007179042106470E-01  8.1305133973382326E-01  3.6459333751986137E-02  6.7273520908361983E-01  3.9539422675236718E-01
9  1.8039351364338638E-01  7.5568429440958740E-01  3.5335746353096990E-02  7.1054802180691012E-01  3.8407610462142555E-01
10  1.5188022491018124E-01  7.0976406585530094E-01  3.1771858807564904E-02  7.0380623004337128E-01  3.7493906854781550E-01
11  1.3461348136973206E-01  6.8002263972097443E-01  2.7648201498743377E-02  7.0460457323816228E-01  3.6819586695041190E-01
12  1.2196071685784722E-01  6.5878893629288582E-01  2.4374736148870261E-02  7.0309840094117271E-01  3.6354579149397881E-01
13  1.1266280139226531E-01  6.3959209472150991E-01  2.1669750594243739E-02  7.1159835107148017E-01  3.5940383408575649E-01
14  1.0953271017164548E-01  6.1386062986200896E-01  1.9699406757044326E-02  7.2890584551613780E-01  3.5566850778371328E-01
15  1.0288264311041898E-01  5.8840744401953948E-01  1.8401034533718892E-02  7.3157675792361920E-01  3.5239865674339788E-01
16  1.0027361189668457E-01  5.6980879663813566E-01  1.7409622012273165E-02  7.3174303912561967E-01  3.4875162124149578E-01
17  9.9754924214425625E-02  5.5793124361486190E-01  1.6954694326974416E-02  7.3715574083819213E-01  3.4466390296580945E-01
18  9.6226439863376423E-02  5.5107167015843428E-01  1.6819239210516281E-02  7.4458716828591909E-01  3.4007337365918910E-01
19  9.5300741778313630E-02  5.5088218135950262E-01  1.6736634280797035E-02  7.4670673986507263E-01  3.3524747518439102E-01
20  9.0992181415736145E-02  5.4649566564439100E-01  1.6500051400721204E-02  7.5315157351354534E-01  3.3132753896908979E-01
21  8.7240700576937197E-02  5.2808786920995077E-01  1.5999921832720598E-02  7.5986837173505006E-01  3.2845386895471346E-01
22  8.7733171204585514E-02  5.0527446128041886E-01  1.5555015147562953E-02  7.5991989846359131E-01  3.2644367868705965E-01
23  8.5306461814130832E-02  4.8980279369730073E-01  1.5210690670313916E-02  7.5860493780631233E-01  3.2478734592771302E-01
24  8.4164659521089355E-02  4.7864889672151134E-01  1.4914042040019662E-02  7.5776640150825358E-01  3.2294756719910483E-01
25  8.3771046326126503E-02  4.6221821371079180E-01  1.4643358549071847E-02  7.5610086952859079E-01  3.2077629869615815E-01
26  8.3195632381079812E-02  4.2946970602378054E-01  1.4437112782413683E-02  7.4922346860834765E-01  3.1833465613580764E-01
27  8.6404161458423723E-02  3.8632840243831634E-01  1.4467340414655340E-02  7.3447027927048325E-01  3.1573585738459969E-01
28  9.1569955704013759E-02  3.6059098028526265E-01  1.4847949471175719E-02  7.2020173044462965E-01  3.1282819281019181E-01
29  9.6364133683604344E-02  3.7552558824206539E-01  1.5777831686792601E-02  7.1276526024455167E-01  3.0923923756109378E-01
30  9.5540589445783045E-02  4.0909058955686950E-01  1.6503730845837394E-02  7.2061012406779767E-01  3.0516284034393110E-01
31  9.3396386875727419E-02  4.2889485908563979E-01  1.6594565846172853E-02  7.2995713294343645E-01  3.0066234348254905E-01
32  9.9632948200489693E-02  4.3699609399782008E-01  1.6637586011456571E-02  7.2367781213318383E-01  2.9522060158215069E-01
33  1.0447164873840278E-01  4.4012335610701020E-01  1.6895620716981672E-02  7.0377694684137737E-01  2.8867249939038520E-01
34  1.0137779054736837E-01  4.2900485753845896E-01  1.6897442201147101E-02  6.9824934417440443E-01  2.8213264984860220E-01
35  9.8475884745021516E-02  4.0991554144733805E-01  1.6375234295856481E-02  7.0711429802795711E-01  2.7628500795919042E-01
36  1.0150901993669251E-01  3.9426316939253470E-01  1.5799344522472301E-02  7.1168393232379645E-01  2.7024040329646665E-01
37  1.0347917953180660E-01  3.7933779771633996E-01  1.5555620922127174E-02  7.1309968507298915E-01  2.6347457927403883E-01
38  9.9054447808653717E-02  3.5658027425643057E-01  1.5110468797727586E-02  7.2187076981974552E-01  2.5678849790288993E-01
39  9.5023505856407731E-02  3.3138993769218716E-01  1.4280065634914864E-02  7.2344150813378361E-01  2.5043516513621616E-01
40  8.9504964436561349E-02  3.1371163300155736E-01  1.3388923773754381E-02  7.0575552329485225E-01  2.4442786088575527E-01
41  7.9900370635457699E-02  2.9769259838121959E-01  1.2384043150433894E-02  6.8859528659978109E-01  2.3942852458916608E-01
42  7.4785312757931766E-02  2.7981212831742491E-01  1.1288152051298921E-02  6.8189633440502362E-01  2.3524616736545298E-01
43  7.4002504586796608E-02  2.6973662252166380E-01  1.0289808058585124E-02  6.8031718628876670E-01  2.3122914444975087E-01
44  6.8418844310636301E-02  2.6823222900036225E-01  9.3646037736818104E-03  6.9449014460583225E-01  2.2752435127065629E-01
45  6.3167938406734833E-02  2.6327424499746660E-01  8.4516865675660132E-03  7.0673850704636421E-01  2.2454323014395755E-01
46  6.0769530568420820E-02  2.5830007783961612E-01  7.8256849944563917E-03  7.1204390372133997E-01  2.2198988025638519E-01
47  6.0002365831204767E-02  2.5932591976651831E-01  7.5759165889923543E-03  7.2387988130621717E-01  2.1975078101479362E-01
48  5.9399717987820330E-02  2.6981334927488243E-01  7.4265068569246548E-03  7.3846033170214775E-01  2.1773146626973441E-01
49  5.8819306094926485E-02  2.8932168265131852E-01  7.3347188745516998E-03  7.2815876716497330E-01  2.1594356536328191E-01
50  5.6980599600861083E-02  3.0973780221540209E-01  7.4405195191323799E-03  7.1617954024417796E-01  2.1431641008078120E-01
51  5.6032699509956693E-02  3.1967576829764865E-01  7.4615194602602854E-03  7.2313897789680104E-01  2.1289572989254804E-01
52  5.5681705928790237E-02  3.2576194666882696E-01  7.4730768843388846E-03  7.3666209726165011E-01  2.1150225601564859E-01
53  5.7139626293682459E-02  3.3814834382483694E-01  7.5087442141852341E-03  7.2909194822791201E-01  2.1017771953283684E-01
54  6.0350835021326578E-02  3.6437909673963931E-01  7.7530918550435396E-03  7.1245864780698198E-01  2.0873186252221901E-01
55  6.1135080093246454E-02  3.9458349107903845E-01  8.0137213051159964E-03  7.0719751702967082E-01  2.0731075798384804E-01
56  5.9179996248537481E-02  4.1140036800534485E-01  7.9853394962872536E-03  7.0380364646130311E-01  2.0607377309553596E-01
57  6.1136955025533027E-02  4.1483257594591122E-01  8.0372348854591564E-03  6.9164784842775651E-01  2.0493685540682119E-01
58  6.2387049735987792E-02  4.1317382503554584E-01  8.2158433424067284E-03  6.9171448566396243E-01  2.0376416742817532E-01
59  6.1219589343236604E-02  4.0644684352489613E-01  8.1759302915842789E-03  6.8035522497817680E-01  2.0259965964577098E-01
60  6.0495370250453526E-02  3.9340546529915194E-01  8.1061856534205973E-03  6.4511960340316188E-01  2.0142507757844857E-01
61  5.9625341491168507E-02  3.7647328491070930E-01  8.0593303763682907E-03  6.1962803850166814E-01  2.0019154138217155E-01
62  6.1197228445094627E-02  3.6230068041434305E-01  7.9811475203793881E-03  6.1449863436477614E-01  1.9880488896230353E-01
63  6.3845581202965199E-02  3.6515488550474834E-01  8.0700071429628244E-03  6.1751465864800514E-01  1.9708305917364280E-01
64  6.5083263622359458E-02  3.8407515875107295E-01  8.2392905840963388E-03  6.2265514121005849E-01  1.9512887987350930E-01
65  6.6340769952428005E-02  4.0226105968857195E-01  8.2771983213587082E-03  6.0991837057148091E-01  1.9300537877979304E-01
66  6.9377881535632374E-02  4.1403719618242124E-01  8.5590654507433153E-03  5.9627743840663538E-01  1.9060377288034508E-01
67  6.4873565029831673E-02  4.1504646497754166E-01  8.6468381717960934E-03  6.2867336317770683E-01  1.8830506354544191E-01
68  6.1121691779719968E-02  3.9733248218862088E-01  8.5344458686653756E-03  6.1256156973393783E-01  1.8633067093066993E-01
69  5.9244182690966873E-02  3.7011170703765983E-01  8.1774842853424429E-03  5.9428532904816722E-01  1.8456160548806147E-01
70  6.1352454031973654E-02  3.4123137233069484E-01  7.9945010848409583E-03  6.0340429890949143E-01  1.8261376185534370E-01
71  5.5737410940807516E-02  3.2402982546223463E-01  7.3570801841357425E-03  5.8384094372142448E-01  1.8078688790247266E-01
72  5.4641203495778057E-02  3.0663830983891449E-01  6.8445833637359697E-03  5.7439975663394316E-01  1.7904894808674457E-01
73  4.9917826007608586E-02  2.9339811437494451E-01  6.2255019757660188E-03  5.4974220685522035E-01  1.7735174095236952E-01
74  4.7169752618283177E-02  2.7823040777580688E-01  5.6387777630188471E-03  5.2414517831888108E-01  1.7590877499368990E-01
75  4.5981270235611708E-02  2.6225118970995626E-01  5.3747322063798751E-03  5.0938906874509793E-01  1.7453497502840762E-01
76  4.2756013109050313E-02  2.5656535628692784E-01  5.1167648897921551E-03  4.9628244660366644E-01  1.7339205151997508E-01
77  4.0290460447577878E-02  2.5529513612880328E-01  4.9782611229349030E-03  4.8557832762074077E-01  1.7247248593869285E-01
78  3.7143235942674387E-02  2.5400730758358614E-01  4.8252334355179524E-03  4.5237300330642832E-01  1.7172059762649472E-01
79  3.4611474824754837E-02  2.4937817829541920E-01  4.6089304242759675E-03  4.5088359804544775E-01  1.7108350277020543E-01
80  3.2987962779173395E-02  2.4423674321628139E-01  4.4070125907087563E-03  4.4237090258270184E-01  1.7051515202746897E-01
81  3.2787590968451283E-02  2.4235134995425484E-01  4.1963648931169894E-03  4.1540487285101030E-01  1.6999983258112691E-01
82  3.2514240461575909E-02  2.4437797656254304E-01  4.0264843762092672E-03  4.0227671155825634E-01  1.6956533795183440E-01
83  3.1153841412119968E-02  2.4751226311982441E-01  3.8942387907505934E-03  3.9082783547009042E-01  1.6927170957519824E-01
84  3.0332704527524647E-02  2.4571566309829981E-01  3.7608757006999741E-03  3.9584822332505137E-01  1.6912331860550203E-01
85  3.0859629925278576E-02  2.4455363217645484E-01  3.6962444642270904E-03  4.0880861589228357E-01  1.6908211685654026E-01
86  3.0507405187367418E-02  2.5740095320441397E-01  3.6726218103858197E-03  4.1707529602564619E-01  1.6912619835922718E-01
87  3.0169046822119561E-02  2.7804186334471193E-01  3.7355954500454080E-03  4.2745321209293563E-01  1.6921554982444742E-01
88  3.1035953285308279E-02  2.9799583807947111E-01  3.9270981963765127E-03  4.3926670369239651E-01  1.6930339077754478E-01
89  3.0831360831634444E-02  3.1132909751391408E-01  4.0851582241804383E-03  4.4063197106723134E-01  1.6934849687484554E-01
90  3.0024288791677695E-02  3.0761776150888775E-01  4.1476716016213477E-03  4.4463405051716054E-01  1.6930115488981537E-01
91  2.8303796011513661E-02  2.9438340814616887E-01  4.0333796505547257E-03  4.3643159242638635E-01  1.6916425697034196E-01
92  2.7461152438251129E-02  2.8477786352438722E-01  3.8879086072087228E-03  4.2836418276879601E-01  1.6897796379255098E-01
93  2.7232392251578325E-02  2.8585081062019552E-01  3.7578569554948546E-03  4.1746094850468496E-01  1.6880141566756107E-01
94  2.8839345953187750E-02  2.9477041934895204E-01  3.7086967362912927E-03  4.0991691238460076E-01  1.6865874272915918E-01
95  2.9755043028329899E-02  3.0166901377773941E-01  3.7760707265272063E-03  4.2451857609951166E-01  1.6854427671656116E-01
96  2.8225162594210894E-02  2.9385957436546334E-01  3.7549319940744755E-03  4.4449551226247147E-01  1.6841264716237941E-01
97  2.6568676969398772E-02  2.7454536183118228E-01  3.7001884570320594E-03  4.5580520439015865E-01  1.6817994878151768E-01
98  2.5971701694002838E-02  2.5330888011670871E-01  3.6873689032302730E-03  4.6095036114728771E-01  1.6777505606775384E-01
99  2.6042641549986270E-02  2.3777231183659844E-01  3.6516329988561707E-03  4.5753258740332858E-01  1.6717617651026950E-01
100  2.5863080511677176E-02  2.3998817233255124E-01  3.5624256394427415E-03  4.4920634390112146E-01  1.6644048262101507E-01
101  2.5240469644619727E-02  2.5617465894332997E-01  3.4822487609571101E-03  4.3531320552084629E-01  1.6567780562906573E-01
102  2.6150192356036550E-02  2.6340747920818908E-01  3.4403564659031393E-03  4.3668802804643064E-01  1.6494600704490908E-01
103  2.6902740735277632E-02  2.5436953711884447E-01  3.4475888176622384E-03  4.4951588270407966E-01  1.6421889959345368E-01
104  2.5636544457099692E-02  2.3740683366360987E-01  3.3842597248181804E-03  4.5852209770324676E-01  1.6360087267980614E-01
105  2.4484928059085070E-02  2.2376295566054888E-01  3.3355629925561556E-03  4.6035771715194357E-01  1.6310431698432173E-01
106  2.3989811794877296E-02  2.1844502352543896E-01  3.3333607327152024E-03  4.5669590356807127E-01  1.6265176538978834E-01
107  2.3526510438173266E-02  2.1538512313770486E-01  3.2505539277318291E-03  4.5022270779911727E-01  1.6222048340289000E-01
108  2.2260780262112981E-02  2.0865570126277697E-01  3.1481737296034594E-03  4.4971081685296221E-01  1.6183115361866848E-01
109  2.1835000832586132E-02  1.9788714236381108E-01  3.0511207455414702E-03  4.4066734958589854E-01  1.6148928406989801E-01
110  2.1665278049738380E-02  1.8701512687235936E-01  2.9944283727510786E-03  4.1712720493671002E-01  1.6116807769710137E-01
111  2.1272144221322297E-02  1.8034152955330723E-01  2.9878992193051977E-03  3.9615299337003573E-01  1.6084748513844227E-01
112  2.0683746371844756E-02  1.7809067221947125E-01  2.9713388947488445E-03  3.8970182763061667E-01  1.6051620991922935E-01
113  2.0693688546966280E-02  1.7679538275102258E-01  2.9722401855021368E-03  3.9293817726577435E-01  1.6013947825941949E-01
114  2.0060291944278281E-02  1.7395225562200159E-01  2.9899812203604960E-03  3.9324609270878991E-01  1.5973891055915057E-01
115  1.9009973109714823E-02  1.6815069321064696E-01  2.9483326777584129E-03  3.8662683738074127E-01  1.5939231324044037E-01
116  1.8865178160363913E-02  1.6316337374283574E-01  2.8976561805090463E-03  3.7700736113725103E-01  1.5913772386674543E-01
117  1.9313819134486803E-02  1.6267888030992572E-01  2.8795715865146303E-03  3.7316843064958044E-01  1.5898072394066323E-01
118  1.9250544942050741E-02  1.6593914354135805E-01  2.8839193408787072E-03  3.7814631477415206E-01  1.5892619809968267E-01
119  1.9073075334396290E-02  1.7086560660979269E-01  2.8703161062757290E-03  3.8817245470521899E-01  1.5894958453866334E-01
120  1.9412580859234831E-02  1.7631027703536420E-01  2.8693852250278968E-03  3.9789745370418739E-01  1.5901252136282693E-01
121  1.9546623726226672E-02  1.8209806236598711E-01  2.8884161955422807E-03  4.0210843965143556E-01  1.5908669575298662E-01
122  1.9260775223398943E-02  1.8804842994760385E-01  2.8908712831669787E-03  3.9196922752779678E-01  1.5913745563753409E-01
123  1.9018701789360586E-02  1.9202636614287652E-01  2.8988288787418336E-03  3.7407900848541736E-01  1.5913409709582879E-01
124  1.8711864237010309E-02  1.9206724162674271E-01  2.9114476905238145E-03  3.6012165543861302E-01  1.5905604300704104E-01
125  1.7769744906170368E-02  1.8933878937514656E-01  2.8830846580359250E-03  3.4937994631515179E-01  1.5891236504102846E-01
126  1.7235025258026785E-02  1.8384211855303015E-01  2.7602602113682949E-03  3.3814866328526610E-01  1.5874383214039622E-01
127  1.6816697806901475E-02  1.7771754330596012E-01  2.6118508840639676E-03  3.2893942669758802E-01  1.5859168942211480E-01
128  1.6503170248747340E-02  1.7396034250133124E-01  2.4929876172082271E-03  3.1832438121633755E-01  1.5849405999915916E-01
129  1.6269500938592557E-02  1.7027608050987134E-01  2.4281240875867207E-03  3.0534874713573684E-01  1.5844348277189249E-01
130  1.5490187150628568E-02  1.6423610358122495E-01  2.3619005186261712E-03  2.9115191073001084E-01  1.5840226476163871E-01
131  1.4917809273565870E-02  1.5784316516048164E-01  2.3053375995900805E-03  2.7813598884428015E-01  1.5831994446357142E-01
132  1.4587652373586227E-02  1.5445654739650802E-01  2.2662115570616630E-03  2.6904418848927364E-01  1.5816974680595916E-01
133  1.4403601567637732E-02  1.5370170135909914E-01  2.2469877878229208E-03  2.6806251318651558E-01  1.5795712285926580E-01
134  1.4075371095349702E-02  1.5352574204664687E-01  2.2525916720804590E-03  2.7348339812703265E-01  1.5772024269150431E-01
135  1.3856931839388277E-02  1.5156755600120930E-01  2.2633796712198608E-03  2.8352157589398841E-01  1.5749321192317736E-01
136  1.3723648653427491E-02  1.4829621843566690E-01  2.2654654279324828E-03  2.9036482459796320E-01  1.5730212140053185E-01
137  1.3484958944712380E-02  1.4649166516632386E-01  2.2758285755198194E-03  2.9349013134214708E-01  1.5714938289753336E-01
138  1.3365124748178716E-02  1.4554097129675606E-01  2.2590149337914922E-03  2.9384957000733719E-01  1.5703014920858382E-01
139  1.3707105603439351E-02  1.4384926645114907E-01  2.2551692086578792E-03  2.9107587724617501E-01  1.5691771214657063E-01
140  1.3572943043546360E-02  1.4285402295692351E-01  2.2905465306869649E-03  2.8690550527786574E-01  1.5679553848901240E-01
141  1.3258178551411840E-02  1.4112970876206596E-01  2.2812557393439028E-03  2.8506344964215591E-01  1.5666508589654426E-01
142  1.2677717202403356E-02  1.3879447263367947E-01  2.2543968469226892E-03  2.8305241704909756E-01  1.5653027523107851E-01
143  1.2326556168681987E-02  1.3723080920723110E-01  2.1950530167202794E-03  2.7736776629027438E-01  1.5640563612423747E-01
144  1.2239983428208782E-02  1.3540676970792220E-01  2.1230643829754803E-03  2.7138184452611153E-01  1.5629007656556584E-01
145  1.1599741143477968E-02  1.3307154825116468E-01  2.0727112676535830E-03  2.6023763732685706E-01  1.5619598879624444E-01
146  1.0780111606458375E-02  1.3126966169109938E-01  2.0055391928804922E-03  2.4626515942660698E-01  1.5612954070220753E-01
147  1.0318292748528073E-02  1.3072391916469364E-01  1.9066073169864450E-03  2.2491695000737597E-01  1.5608028264626120E-01
148  9.8056770430476215E-03  1.3113312046210643E-01  1.7809321656178777E-03  2.1098567749562186E-01  1.5603841512015473E-01
149  9.5672420374017571E-03  1.3099790209334278E-01  1.6592937370357990E-03  2.0384270064848606E-01  1.5599868594167463E-01
150  9.6828732831706742E-03  1.2960186714958649E-01  1.6047889940868114E-03  2.0161849953728356E-01  1.5595739094560518E-01
151  9.7296514232159421E-03  1.2814104770975965E-01  1.6511217090642392E-03  2.0022036630984749E-01  1.5591594562957395E-01
152  9.6756663368957052E-03  1.2866132711859052E-01  1.7322573365893545E-03  1.9953138869213313E-01  1.5587439113873050E-01
153  9.8124332790066222E-03  1.3137456202491032E-01  1.7817376853530270E-03  2.0035425578806990E-01  1.5582622623550588E-01
154  9.8824857100361738E-03  1.3483569218720259E-01  1.8136960943842667E-03  2.0015394011395274E-01  1.5576489614925054E-01
155  9.8611296447624758E-03  1.3738346851595629E-01  1.8144200022859307E-03  2.0163012177569356E-01  1.5569112773492341E-01
156  1.0120734135869825E-02  1.3892417353532885E-01  1.8405061538823936E-03  2.0262253578954637E-01  1.5560240661693533E-01
157  1.0322262433944464E-02  1.3985388778532548E-01  1.9013156998656528E-03  2.0126794923586716E-01  1.5550168397187117E-01
158  1.0484335064866712E-02  1.4028726910151540E-01  1.9740653418069171E-03  1.9771730671665486E-01  1.5539155390246745E-01
159  1.0421292070836880E-02  1.4136992012286534E-01  1.9976531990539815E-03  1.9456312395115261E-01  1.5528372580272418E-01
160  1.0593165374541641E-02  1.4316442382066233E-01  1.9703803846472224E-03  1.9023977957307195E-01  1.5517274156931321E-01
161  1.0600443482562753E-02  1.4386159361655115E-01  1.8922715616185293E-03  1.8390528721624524E-01  1.5505612263071877E-01
162  1.0663234401281186E-02  1.4257756458926549E-01  1.8467567485556749E-03  1.7878370388078096E-01  1.5492260344798212E-01
163  1.0428002461464603E-02  1.4113851002049196E-01  1.8643544669307930E-03  1.7547739358599487E-01  1.5477718207528063E-01
164  1.0402490888527483E-02  1.3943745811952732E-01  1.9005912646639605E-03  1.6873691797125173E-01  1.5462471804247643E-01
165  1.0438394475454386E-02  1.3647983640101680E-01  1.9456628822636583E-03  1.6263960997093363E-01  1.5446775922558628E-01
166  1.0295303168237466E-02  1.3265707587961909E-01  1.9568475848481719E-03  1.5683709262725598E-01  1.5431553173698784E-01
167  1.0331185192530014E-02  1.2908361251272688E-01  1.9386373530157126E-03  1.5504364076843816E-01  1.5417269434259517E-01
168  1.0765702969523618E-02  1.2685817206465341E-01  1.9308483911776200E-03  1.5570205973191603E-01  1.5403049571705413E-01
169  1.1078777025984575E-02  1.2672285761845942E-01  1.9278500562134402E-03  1.5947835053780618E-01  1.5389424610041291E-01
170  1.1403323381652003E-02  1.2741983120085623E-01  1.9819014006685221E-03  1.6705833478769691E-01  1.5377245086157054E-01
171  1.1799072232617664E-02  1.2739055807486910E-01  2.0762626814765212E-03  1.7571260687884183E-01  1.5366391935374199E-01
172  1.2021193191820628E-02  1.2631722131725159E-01  2.1755568193203155E-03  1.8344231290415769E-01  1.5355337130462554E-01
173  1.1965707499702563E-02  1.2467628299784965E-01  2.2492639758934629E-03  1.9160746392258016E-01  1.5343041087783799E-01
174  1.1839684966053036E-02  1.2261349558625408E-01  2.2731637800432274E-03  1.9735641397960338E-01  1.5328936427438630E-01
175  1.1770099053253580E-02  1.2033784185619895E-01  2.2349075982795049E-03  1.9963981731354630E-01  1.5313805333603414E-01
176  1.1530715045227494E-02  1.1808595408155544E-01  2.1478779960661296E-03  1.9761379471917065E-01  1.5299070180150043E-01
177  1.1427619046077361E-02  1.1553819475269922E-01  2.0490663363138552E-03  1.9311103050878928E-01  1.5285865544336166E-01
178  1.1192030289401706E-02  1.1205926523601492E-01  1.9648827332539249E-03  1.8626193451251866E-01  1.5274073624982956E-01
179  1.1048970413321542E-02  1.0745887287136553E-01  1.8995264186706668E-03  1.7968301811686685E-01  1.5263297108712759E-01
180  1.0971294706622984E-02  1.0403757189525654E-01  1.8797319978527442E-03  1.7214999997540464E-01  1.5252307438180240E-01
181  1.1051789483491989E-02  1.0348534125517030E-01  1.8733156385694961E-03  1.6498757463420852E-01  1.5240719447963452E-01
182  1.1085997181706549E-02  1.0430377029143682E-01  1.8862587491230768E-03  1.6020304643010350E-01  1.5228744976992226E-01
183  1.1056596388659070E-02  1.0511020963877388E-01  1.8969064683271102E-03  1.5828665039073397E-01  1.5217674919098487E-01
184  1.1310737974989049E-02  1.0520700271780035E-01  1.9225222782385581E-03  1.5745623667590417E-01  1.5207745630468295E-01
185  1.1666817302347213E-02  1.0415717994610944E-01  2.0011386855221230E-03  1.5703671100797895E-01  1.5197931310094481E-01
186  1.2009061681194715E-02  1.0271987417984305E-01  2.0909381554480894E-03  1.5879769269469074E-01  1.5187260000224090E-01
187  1.2531386725763588E-02  1.0241010118463399E-01  2.1746741310895604E-03  1.6109904597356886E-01  1.5173841307103528E-01
188  1.2768666147259845E-02  1.0361680137835817E-01  2.2421834881297732E-03  1.6028943877893706E-01  1.5156674253508559E-01
189  1.2368024543692123E-02  1.0527305265705839E-01  2.2746547869116679E-03  1.5748776679792306E-01  1.5136727230176936E-01
190  1.1784458924539514E-02  1.0657808913149738E-01  2.2560222298454906E-03  1.5469290308583614E-01  1.5116753863806154E-01
191  1.1453628609820942E-02  1.0708035341365686E-01  2.2105062046615617E-03  1.5217650338861735E-01  1.5097973098956854E-01
192  1.1272257291487495E-02  1.0637955119150869E-01  2.1496649350451515E-03  1.5009634470217220E-01  1.5081136643305348E-01
193  1.0956719847008627E-02  1.0498745562049501E-01  2.0814386925856270E-03  1.4869157469343752E-01  1.5067002113333047E-01
194  1.0762492942720405E-02  1.0336930518332185E-01  2.0137640583104332E-03  1.4679189585655189E-01  1.5055597880370009E-01
195  1.0486845890351433E-02  1.0128321756533509E-01  1.9686443081394426E-03  1.4249980974919493E-01  1.5046448363275791E-01
196  1.0263382656172914E-02  9.9154875378336046E-02  1.9255893960539814E-03  1.3613824655262957E-01  1.5039267277237747E-01
197  1.0335416993115527E-02  9.7835627430253910E-02  1.8672299367245250E-03  1.2833072202029799E-01  1.5033086575540952E-01
198  1.0589153072939025E-02  9.7326958484703047E-02  1.8202803826215504E-03  1.2283269452878795E-01  1.5026728651038510E-01
199  1.0562928846835472E-02  9.7432880718123449E-02  1.8305093392251216E-03  1.2416135521905726E-01  1.5019676017314323E-01
200  1.0541691445009275E-02  9.7731091757785965E-02  1.9034279468599265E-03  1.2925181245487505E-01  1.5011806163869143E-01
201  1.0966655983594449E-02  9.7802665861027524E-02  2.0246604306893268E-03  1.3497070534242792E-01  1.5002757777650433E-01
202  1.1225911802272672E-02  9.7879722326685945E-02  2.1229855236493235E-03  1.4202282881340089E-01  1.4992763452970126E-01
203  1.1430969813767131E-02  9.7664642672022767E-02  2.1652602813476592E-03  1.4816774357603982E-01  1.4982485169585277E-01
204  1.1050826401397330E-02  9.7099719644355903E-02  2.1463158800513328E-03  1.5023602931340027E-01  1.4972590007831538E-01
205  1.0883822794834552E-02  9.6176748306625301E-02  2.0946650740380763E-03  1.4805606626551307E-01  1.4962864690091543E-01
206  1.1019370014613101E-02  9.4679485204840472E-02  2.0828573584631927E-03  1.4326376537262550E-01  1.4951640994325027E-01
207  1.0972220968974567E-02  9.2677651384198506E-02  2.1036405068546008E-03  1.3938232455811086E-01  1.4938275341203691E-01
208  1.0520234116186689E-02  9.0772446314166977E-02  2.1086653927531300E-03  1.3746067615182886E-01  1.4923731584690111E-01
209  1.0386309800306198E-02  8.9037647186856472E-02  2.0729633678208299E-03  1.3476877138026477E-01  1.4908637180418408E-01
210  1.0264081086086370E-02  8.7543857183504645E-02  2.0127733011326113E-03  1.3058512476607387E-01  1.4893169086072525E-01
211  9.8945159067775918E-03  8.6271399705354593E-02  1.9467307400318867E-03  1.2617026824197647E-01  1.4879332338790252E-01
212  9.5392566134068647E-03  8.4567235392660325E-02  1.8677168227099403E-03  1.2112880633389157E-01  1.4867843234454128E-01
213  9.3837084129088678E-03  8.2419491217351745E-02  1.8020627119059909E-03  1.1543352700159804E-01  1.4857939804808892E-01
214  9.1843105588076766E-03  8.0826876542372070E-02  1.7841214317108956E-03  1.1059222703605816E-01  1.4848092050866510E-01
215  9.1687783251793702E-03  8.0297238020088313E-02  1.7893127569482577E-03  1.0778556762461389E-01  1.4837175438893471E-01
216  9.4945684388778023E-03  8.0766327308067334E-02  1.8247421195439382E-03  1.0795077847078050E-01  1.4823726894758957E-01
217  9.4321943214563993E-03  8.2000468880725125E-02  1.8500081117912527E-03  1.1003264025746361E-01  1.4808892500158527E-01
218  9.6202057403900823E-03  8.2732431196920475E-02  1.8570729933072539E-03  1.1167313023383561E-01  1.4794104109895442E-01
219  9.4497311913550493E-03  8.2662413424564235E-02  1.8440176742552676E-03  1.1326963971084693E-01  1.4780249058259987E-01
220  9.1896530151267027E-03  8.2365101179920311E-02  1.8073532360867194E-03  1.1404627687690606E-01  1.4768209475292907E-01
221  8.8535417206084890E-03  8.2228007795844368E-02  1.7550120887474068E-03  1.1337616783365943E-01  1.4757621235130625E-01
222  8.7830380149459420E-03  8.2209752550888374E-02  1.6990744612715802E-03  1.1174549848810438E-01  1.4747487176847865E-01
223  8.7189794882179018E-03  8.2532677710004096E-02  1.7009867921966644E-03  1.1060031158004259E-01  1.4737149534210367E-01
224  8.7809173780318012E-03  8.2672237309426938E-02  1.7294510023697926E-03  1.0990046023692826E-01  1.4726595680872731E-01
225  8.6286414744173156E-03  8.2187664325320930E-02  1.7445944698501734E-03  1.0805090507603519E-01  1.4715730534187893E-01
226  8.1813939012099473E-03  8.1557761741899382E-02  1.7168397480764508E-03  1.0528363411883995E-01  1.4705578359611204E-01
227  7.9911643145131207E-03  8.0970960803456407E-02  1.6548733338004871E-03  1.0212676031609924E-01  1.4695653844483372E-01
228  7.7854366830405744E-03  8.0523221564754222E-02  1.5799753178368744E-03  9.8522032253903283E-02  1.4685549815481186E-01
229  7.4209486511269520E-03  8.0293392603467045E-02  1.5076104160533625E-03  9.5302669653747604E-02  1.4675841240330809E-01
230  7.2014544236270071E-03  7.9994590679130839E-02  1.4575548205489749E-03  9.2137811735582179E-02  1.4667044639261073E-01
231  7.2141269675402228E-03  7.9461183918656392E-02  1.4434031753822621E-03  8.8239522259115577E-02  1.4658979354982662E-01
232  7.3480726170004011E-03  7.8889152041402774E-02  1.4750383192421996E-03  8.4280454353659856E-02  1.4651778188621500E-01
233  7.5858752411332589E-03  7.8528006628668268E-02  1.5412165253925103E-03  8.2220210902662114E-02  1.4645437113962587E-01
234  7.8161950811204296E-03  7.8543226548088693E-02  1.6060260236678428E-03  8.3380328277794069E-02  1.4639902924686363E-01
235  8.0412221418337884E-03  7.8823009427015936E-02  1.6475214972216296E-03  8.6570497500182780E-02  1.4634706995671029E-01
236  8.2484660059254714E-03  7.9053296327550440E-02  1.6718172732509715E-03  8.9701204368297024E-02  1.4629141363304571E-01
237  8.1769200624896479E-03  7.8952071006840360E-02  1.6881536241413822E-03  9.3032469342902810E-02  1.4622829082398961E-01
238  8.1604078480676349E-03  7.8448781326558081E-02  1.7049921304320031E-03  9.5383703756576232E-02  1.4615553296982961E-01
239  8.0862740106703700E-03  7.7856558490094263E-02  1.7183715438635731E-03  9.6392033909766389E-02  1.4607439525576016E-01
240  7.7021942580867220E-03  7.7452650634689660E-02  1.7260764797137310E-03  9.6161921269178663E-02  1.4599512179268814E-01
241  7.4705265779931931E-03  7.7224255090835733E-02  1.7103940758947725E-03  9.4484568466057448E-02  1.4592760281979228E-01
242  7.6019505357977132E-03  7.7108094865138296E-02  1.6676699973718770E-03  9.1735705447968635E-02  1.4586880435507110E-01
243  7.5424575706494797E-03  7.6916117230666908E-02  1.6162201315430430E-03  8.9233247600139065E-02  1.4581932864451266E-01
244  7.1249473825560359E-03  7.6312613089852377E-02  1.5646597387949364E-03  8.6676635709474523E-02  1.4578200361326787E-01
245  6.6618878529371324E-03  7.5444964138849394E-02  1.4945636037152360E-03  8.4307074689079622E-02  1.4575481960095787E-01
246  6.3643232526957956E-03  7.4688974373319714E-02  1.4091300324458828E-03  8.2301937533416150E-02  1.4573326192076605E-01
247  6.2917649419608288E-03  7.4173630247820421E-02  1.3156623090118428E-03  8.0554263892339911E-02  1.4571335399882424E-01
248  6.2005242386022593E-03  7.3873134824273240E-02  1.2467270544792020E-03  7.9065722856970139E-02  1.4569224011053378E-01
249  6.0896042277639815E-03  7.3583343956677941E-02  1.2322434390111910E-03  7.7457623593020011E-02  1.4566795808876301E-01
250  6.0667378247508084E-03  7.3154872382636821E-02  1.2654165732688364E-03  7.5627599130549783E-02  1.4563843173204213E-01
251  5.9938813295485538E-03  7.2741730109137731E-02  1.3164623019104214E-03  7.4070437291034089E-02  1.4560471810525188E-01
252  5.8164198379804912E-03  7.2454624390164896E-02  1.3537336100912225E-03  7.3592260470800364E-02  1.4557160496502311E-01
253  5.6457664800508003E-03  7.2235469036048175E-02  1.3612905703322554E-03  7.3852674748941610E-02  1.4554342331221801E-01
254  5.4667477742559303E-03  7.2122368893516017E-02  1.3491011779639783E-03  7.4357850893604832E-02  1.4552161727272842E-01
255  5.3146929691715947E-03  7.2175931217050862E-02  1.3380339242704661E-03  7.4859277731853857E-02  1.4550355025541253E-01
256  5.1443089219871665E-03  7.2363741696988351E-02  1.3402617672409964E-03  7.5088025161452243E-02  1.4548625698221243E-01
257  5.0012694376831042E-03  7.2580486875956807E-02  1.3383029866306760E-03  7.5124582466749940E-02  1.4546743019933667E-01
258  4.9497551514033318E-03  7.2685268179316434E-02  1.3274957971101916E-03  7.5304408846615545E-02  1.4544680712891994E-01
259  4.9559007711679863E-03  7.2582945403502644E-02  1.3125440960836713E-03  7.5515238152734296E-02  1.4542499065581516E-01
260  4.9851072461393371E-03  7.2283409820466868E-02  1.2918177306315188E-03  7.5251460643266321E-02  1.4540323043304312E-01
261  4.8309799314851581E-03  7.1887975597520679E-02  1.2763829672676390E-03  7.4217185420533766E-02  1.4538268728270190E-01
262  4.6555077465372397E-03  7.1477419862902764E-02  1.2604848020730220E-03  7.2352282987736966E-02  1.4536316237030408E-01
263  4.4097398175084275E-03  7.1128261437275617E-02  1.2430034086672393E-03  7.0105566319935309E-02  1.4534426442891676E-01
264  4.3140684873717496E-03  7.0863237231111653E-02  1.2163095959661491E-03  6.8082027277181947E-02  1.4532537715503074E-01
265  4.2374334755100546E-03  7.0758433070186727E-02  1.1903272465206677E-03  6.6791724315898651E-02  1.4530678476012718E-01
266  4.1728719575151608E-03  7.0811516899413285E-02  1.1694384490794569E-03  6.6222846349242998E-02  1.4528917363424393E-01
267  4.2470642984291261E-03  7.0935875331279777E-02  1.1547451933953939E-03  6.5919774607571563E-02  1.4527162537471644E-01
268  4.4049567540725715E-03  7.1070180242873801E-02  1.1511079046885812E-03  6.5736874074478591E-02  1.4525205127507107E-01
269  4.5167812383650066E-03  7.1177466503012640E-02  1.1596674063604851E-03  6.5506168494380859E-02  1.4523016046861006E-01
270  4.5706235169861477E-03  7.1256315311590879E-02  1.1801800901936549E-03  6.5341383649787560E-02  1.4520901459420299E-01
271  4.7310055064678780E-03  7.1403759345097559E-02  1.2113096417236664E-03  6.5353401454225052E-02  1.4519044908678491E-01
272  4.8502579065376585E-03  7.1750709592398793E-02  1.2476478011112448E-03  6.5872439432962657E-02  1.4517505554292126E-01
273  4.8236988987210416E-03  7.2242325222827544E-02  1.2742083900357398E-03  6.6710128830025736E-02  1.4516237036126509E-01
274  4.7697606843744040E-03  7.2680810349739638E-02  1.2798954165961782E-03  6.7192280463465787E-02  1.4515078920611030E-01
275  4.8456259597669657E-03  7.2945304345384696E-02  1.2807219083587488E-03  6.7340263972513012E-02  1.4513878343622280E-01
276  4.6470975641252008E-03  7.2984601516318651E-02  1.2874991879589411E-03  6.7289980928165516E-02  1.4512785041467985E-01
277  4.4651068450348164E-03  7.2769449619072099E-02  1.2887578135573612E-03  6.6658085772438702E-02  1.4511976455706990E-01
278  4.4790529135372128E-03  7.2387783412959927E-02  1.2852058858717503E-03  6.5378965727467236E-02  1.4511343595699713E-01
279  4.4611360948969298E-03  7.1966754193651339E-02  1.2740081055257909E-03  6.3709214435662895E-02  1.4510726625952830E-01
280  4.4168840720249306E-03  7.1585052736338903E-02  1.2458663909351009E-03  6.2028118960183655E-02  1.4510013113174886E-01
281  4.5139517030593594E-03  7.1240734311548107E-02  1.2090441062971068E-03  6.0840618126329925E-02  1.4509101486116507E-01
282  4.5313533337867041E-03  7.0932952592043172E-02  1.1942793075922064E-03  6.0534517926518698E-02  1.4508026825273798E-01
283  4.6627033934354767E-03  7.0636995226288385E-02  1.1989431130429878E-03  6.1052447831974062E-02  1.4506773113124702E-01
284  4.7721171183727944E-03  7.0403603646782595E-02  1.2299127065011823E-03  6.2347406240696991E-02  1.4505207182346411E-01
285  4.8074588567476361E-03  7.0223778967320002E-02  1.2732742110497714E-03  6.4138550081870360E-02  1.4503390779736547E-01
286  4.9127940899660986E-03  7.0072075094877243E-02  1.3101850249539516E-03  6.5913390351855991E-02  1.4501426083358460E-01
287  5.0434212420160263E-03  7.0055964897367290E-02  1.3437678474752458E-03  6.7823419426151471E-02  1.4499494188591505E-01
288  5.1122913491061048E-03  7.0177402388896901E-02  1.3783671039191707E-03  7.0116184501499812E-02  1.4497813245445190E-01
289  5.4498502843523828E-03  7.0325942247266029E-02  1.4068966435702216E-03  7.3196497937730934E-02  1.4496212571708572E-01
290  5.6366191555133581E-03  7.0542999361231012E-02  1.4504427443228721E-03  7.7221342063235915E-02  1.4494386137077706E-01
291  5.6850508593145428E-03  7.0740842528902600E-02  1.4915244540552573E-03  8.0557002890041723E-02  1.4492201686406606E-01
292  5.7258387209891265E-03  7.0810743385567435E-02  1.5269251867912205E-03  8.2688595278441773E-02  1.4489465831668166E-01
293  5.8442828810806088E-03  7.0824461098248137E-02  1.5509805920169975E-03  8.3731415922937466E-02  1.4486033994547701E-01
294  5.7671699237711854E-03  7.0902694142769049E-02  1.5741195117596274E-03  8.3894371326237047E-02  1.4481896166078953E-01
295  5.6937789283502179E-03  7.0896119296345178E-02  1.5827513193519087E-03  8.3077402736176906E-02  1.4477316617703923E-01
296  5.5923242710649718E-03  7.0728239425818629E-02  1.5557871830865452E-03  8.1722540542894809E-02  1.4472424461616759E-01
297  5.4141722600137285E-03  7.0447780513802696E-02  1.4981473601209062E-03  7.9772948798403340E-02  1.4468017913525960E-01
298  5.4798792466378005E-03  7.0006050572732015E-02  1.4182796260604632E-03  7.7360800008220362E-02  1.4464347243162737E-01
299  5.5593576976129440E-03  6.9502629147398645E-02  1.3533958524569452E-03  7.4909961682747411E-02  1.4461588394095554E-01
300  5.6537168707690355E-03  6.9084504381129244E-02  1.3387489892331787E-03  7.2414822527129233E-02  1.4459750020794634E-01
301  5.6044114391177969E-03  6.8888824268899945E-02  1.3601098889258099E-03  7.0010917969730788E-02  1.4458664340729016E-01
302  5.7063950237727593E-03  6.8935048138338256E-02  1.3875522462698509E-03  6.7676828440087156E-02  1.4457943703687628E-01
303  5.6709407510765848E-03  6.9227515342080492E-02  1.4141498664738913E-03  6.6395156944834277E-02  1.4457302695544677E-01
304  5.6002188898580359E-03  6.9657099223457308E-02  1.4222838359644596E-03  6.6205425661001557E-02  1.4456715219158145E-01
305  5.4737882112637455E-03  7.0201055896356349E-02  1.4195829472407552E-03  6.6754533606822139E-02  1.4456343081013362E-01
306  5.3324233408766821E-03  7.0776617012022092E-02  1.4210157566177835E-03  6.7127285973694856E-02  1.4456398978132420E-01
307  5.1569881951511387E-03  7.1268514634517360E-02  1.4227602048912391E-03  6.6857475806340036E-02  1.4456908859878598E-01
308  5.0767887795431866E-03  7.1617347072591292E-02  1.4113004891239665E-03  6.5754369971094739E-02  1.4457641302590066E-01
309  5.0960873815031260E-03  7.1838440952742236E-02  1.3870224704229787E-03  6.4400597398652185E-02  1.4458233780326082E-01
310  4.9656970411329849E-03  7.1945422793277841E-02  1.3603239963432350E-03  6.3335551762222830E-02  1.4458330947162162E-01
311  4.7591497735706180E-03  7.1917570518170715E-02  1.3314146119524633E-03  6.2585623496393558E-02  1.4457844916398024E-01
312  4.6303653161032356E-03  7.1801396062460873E-02  1.3110549842889111E-03  6.1673462801870860E-02  1.4456992660107756E-01
313  4.5402060162734814E-03  7.1689595264859851E-02  1.2964454398255185E-03  6.0701864677707974E-02  1.4456137159134608E-01
314  4.4344954039000385E-03  7.1586067330461398E-02  1.2882375806796530E-03  5.9832365181983635E-02  1.4455561118270316E-01
315  4.4474984146025331E-03  7.1413881237239185E-02  1.2815776322140122E-03  5.9048548218832181E-02  1.4455340021868937E-01
316  4.4837620965158444E-03  7.1154984197144638E-02  1.2705111789839308E-03  5.8093876189069180E-02  1.4455301595905673E-01
317  4.5331329517711459E-03  7.0875295934977781E-02  1.2494811644553718E-03  5.7226639664170971E-02  1.4455152037289209E-01
318  4.5206407373679066E-03  7.0638561946110887E-02  1.2243810311646874E-03  5.7097064473061766E-02  1.4454646179982747E-01
319  4.4929342972729056E-03  7.0440679017639701E-02  1.2092608163295547E-03  5.7643803846911597E-02  1.4453716907898778E-01
320  4.3444488290870957E-03  7.0266802192774189E-02  1.2107943868015206E-03  5.8756258109734429E-02  1.4452501907060980E-01
321  4.2682691452038506E-03  7.0102434355699725E-02  1.2265225620862238E-03  6.0150493411853349E-02  1.4451123619747688E-01
322  4.1969772625706147E-03  6.9975602031424874E-02  1.2493016064213916E-03  6.1741716536189019E-02  1.4449656463215799E-01
323  4.1040477934729579E-03  6.9885424359451026E-02  1.2610677262753706E-03  6.3363538354862720E-02  1.4448189259849409E-01
324  4.1000828656459478E-03  6.9818704889571037E-02  1.2586548732471709E-03  6.4716524764991151E-02  1.4446708787063445E-01
325  4.0947063392685855E-03  6.9788521406416434E-02  1.2613332633034135E-03  6.5785505024304830E-02  1.4445069341017361E-01
326  4.1485261508652505E-03  6.9765950177375469E-02  1.2795306989288862E-03  6.6739708432149727E-02  1.4443060633065802E-01
327  4.1461838599428369E-03  6.9707817273582204E-02  1.3089805473817623E-03  6.7664884474373133E-02  1.4440540743396538E-01
328  4.2134732818711485E-03  6.9573717676402233E-02  1.3390204020605272E-03  6.8117695169603518E-02  1.4437554463072400E-01
329  4.3230132900386560E-03  6.9388884505245704E-02  1.3595681619220788E-03  6.7931922363613631E-02  1.4434330615198185E-01
330  4.4187074702852604E-03  6.9204752328222902E-02  1.3667305403181572E-03  6.7308692195387140E-02  1.4431164129789470E-01
331  4.3339166874869469E-03  6.9031877523849539E-02  1.3619152115279057E-03  6.6623499700482369E-02  1.4428592591779019E-01
332  4.2808997195624759E-03  6.8848007702043801E-02  1.3398165068831003E-03  6.5940220074586900E-02  1.4426682612772038E-01
333  4.2984453721051944E-03  6.8711542213065677E-02  1.2987380024974029E-03  6.5199801234302010E-02  1.4425171802418971E-01
334  4.2200320470786113E-03  6.8668139933348943E-02  1.2422630035664394E-03  6.4318057918774513E-02  1.4423775883585296E-01
335  4.1236710876757631E-03  6.8686776119408627E-02  1.1819074983019369E-03  6.3175919806402178E-02  1.4422281130024373E-01
336  3.9120484906771729E-03  6.8762686028329412E-02  1.1285155034953113E-03  6.1832724346040258E-02  1.4420633888309581E-01
337  3.7872434012914871E-03  6.8903813110009801E-02  1.0974468520979646E-03  6.0338062932196158E-02  1.4418898077679737E-01
338  3.7265302277244925E-03  6.9153199844610463E-02  1.0910145057113601E-03  5.8882367747448081E-02  1.4417034638529885E-01
339  3.7503553091428827E-03  6.9526269581175443E-02  1.0987826883031989E-03  5.7641157975384986E-02  1.4414997611453900E-01
340  3.7886023521201840E-03  6.9987646560860678E-02  1.1063443989747059E-03  5.6802521360399406E-02  1.4412743681467291E-01
341  3.7558779440700399E-03  7.0484449750184766E-02  1.1096770793215952E-03  5.6346076817880092E-02  1.4410321345311750E-01
342  3.6489190776787276E-03  7.0937230107083776E-02  1.1106648269564444E-03  5.6039061697389828E-02  1.4407926254427145E-01
343  3.6293098872990834E-03  7.1313553838064050E-02  1.1055986883586539E-03  5.5761487523529191E-02  1.4405587011819493E-01
344  3.6564593290156740E-03  7.1654386370411050E-02  1.0976504267700808E-03  5.5376730836823033E-02  1.4403213147514901E-01
345  3.7399032241299292E-03  7.1974062448149481E-02  1.0913649973892461E-03  5.4833868657718020E-02  1.4400715202062137E-01
346  3.7269584746033591E-03  7.2222697931112051E-02  1.0927638219786727E-03  5.4106999096841198E-02  1.4398118735827464E-01
347  3.6243500436525951E-03  7.2337896149026748E-02  1.0959663289029377E-03  5.3505484392497894E-02  1.4395608597619039E-01
348  3.5045356746838453E-03  7.2324542802709793E-02  1.0882387636796662E-03  5.3077942609770598E-02  1.4393264040429990E-01
349  3.4152912133867531E-03  7.2200536017034883E-02  1.0718829973398452E-03  5.2749236950047261E-02  1.4391041328903920E-01
350  3.3177155789909131E-03  7.1985238569761814E-02  1.0572421306509891E-03  5.2535823918347740E-02  1.4388764305638538E-01
351  3.1162839222099534E-03  7.1737263184464092E-02  1.0488506406791556E-03  5.2541521752653808E-02  1.4386463569032143E-01
352  3.0563718758485239E-03  7.1465230544502517E-02  1.0463184036871552E-03  5.2656007203879585E-02  1.4384042022391652E-01
353  3.0380768616992738E-03  7.1156724952581796E-02  1.0536265901992126E-03  5.2723478174591047E-02  1.4381402250889416E-01
354  2.9894824458989704E-03  7.0807933919920990E-02  1.0648573245128057E-03  5.2652260894709237E-02  1.4378633043608663E-01
355  2.9208161220544695E-03  7.0453351586759014E-02  1.0721952847698283E-03  5.2518187633143358E-02  1.4375925373364426E-01
356  2.8469488639905598E-03  7.0141132003533627E-02  1.0762689223237272E-03  5.2449853983945097E-02  1.4373397603072904E-01
357  2.7985055096410921E-03  6.9880552841356081E-02  1.0772209186129698E-03  5.2573863204689215E-02  1.4371116950518603E-01
358  2.7622906186900711E-03  6.9644760807514791E-02  1.0788248944269257E-03  5.3044520911516228E-02  1.4368997896875862E-01
359  2.6920188869142890E-03  6.9443001710566471E-02  1.0809281354166133E-03  5.3766353882484984E-02  1.4366980004332758E-01
360  2.7813416344257039E-03  6.9293019385332916E-02  1.0808308470024368E-03  5.4675315287414261E-02  1.4364891725484247E-01
361  2.8721025300958436E-03  6.9209886055549785E-02  1.0808249325705249E-03  5.5842010542475375E-02  1.4362559966847396E-01
362  3.0020690966459278E-03  6.9173714501409120E-02  1.0865434640816877E-03  5.7185179271810438E-02  1.4360122153520433E-01
363  3.1081934485830604E-03  6.9161763678889737E-02  1.0980480845180611E-03  5.8651073546968621E-02  1.4357706900902673E-01
364  3.2319178301880940E-03  6.9179433632154064E-02  1.1140127638590124E-03  5.9991463282548660E-02  1.4355377191588098E-01
365  3.2814778269750996E-03  6.9224465765125101E-02  1.1332986387546818E-03  6.1116598901555463E-02  1.4353114514687945E-01
366  3.3657711626006248E-03  6.9277124120578848E-02  1.1437557522589340E-03  6.1944647353035835E-02  1.4350739590202852E-01
367  3.3682214728404437E-03  6.9350612276668624E-02  1.1310463703498215E-03  6.2602218025479772E-02  1.4348106253230877E-01
368  3.3312024130972276E-03  6.9435464545770667E-02  1.0988012226036720E-03  6.2948846335639297E-02  1.4345277204653908E-01
369  3.2938718578172416E-03  6.9487823992306061E-02  1.0640295930277870E-03  6.2866684822928606E-02  1.4342351372261161E-01
370  3.2689788233058272E-03  6.9486861542655529E-02  1.0462081574494596E-03  6.2274543024314406E-02  1.4339402874999532E-01
371  3.1728135125758841E-03  6.9473676302562723E-02  1.0490519031185776E-03  6.1341782757955196E-02  1.4336508814051166E-01
372  3.1010746104827925E-03  6.9476979346920847E-02  1.0551003265831334E-03  6.0302468228954263E-02  1.4333769731677842E-01
373  3.1112994359122508E-03  6.9491735447235858E-02  1.0540139847681465E-03  5.9049187131680829E-02  1.4330974928193352E-01
374  3.1390496966522538E-03  6.9517624836866271E-02  1.0456933699308161E-03  5.7653021962600907E-02  1.4328104869085412E-01
375  3.1803553835266954E-03  6.9561769683080366E-02  1.0377532436813214E-03  5.6264922258687115E-02  1.4325149203866222E-01
376  3.2333647882804083E-03  6.9635727018137666E-02  1.0362402774318810E-03  5.5099150953938046E-02  1.4322220910174688E-01
377  3.3266938246258107E-03  6.9767269663431788E-02  1.0509413618984677E-03  5.4046022050740661E-02  1.4319223118991689E-01
378  3.3388779466822401E-03  6.9975360843792217E-02  1.0776065297209837E-03  5.3233219566011437E-02  1.4316296291652045E-01
379  3.3511765263629545E-03  7.0229729628916798E-02  1.0985416832779862E-03  5.2819384239163422E-02  1.4313495441594110E-01
380  3.3342544250074104E-03  7.0475553410710781E-02  1.1077506422619014E-03  5.2785244524757621E-02  1.4310782854762391E-01
381  3.3289414205139554E-03  7.0681132674558417E-02  1.1143074586040119E-03  5.3050099079341606E-02  1.4307966038485129E-01
382  3.2386884893407211E-03  7.0867517180216222E-02  1.1262308854285087E-03  5.3446604912021599E-02  1.4304925150604089E-01
383  3.2009889506662854E-03  7.1048382526498158E-02  1.1407278816667156E-03  5.3677970376233709E-02  1.4301575151772822E-01
384  3.1285234173511565E-03  7.1197400900349136E-02  1.1498588817092821E-03  5.3721916809194942E-02  1.4297934328658018E-01
385  3.1501760932411155E-03  7.1268770740415155E-02  1.1450753188670473E-03  5.3596602509475066E-02  1.4294050424444626E-01
386  3.0945303422069224E-03  7.1277354989275177E-02  1.1310273795308945E-03  5.3366449043746572E-02  1.4290081850020767E-01
387  3.0483143241421054E-03  7.1242554582189629E-02  1.1132530311221442E-03  5.3055626356358729E-02  1.4286349222807709E-01
388  2.9967865991577178E-03  7.1162029492203654E-02  1.0987021697308665E-03  5.2762437810224251E-02  1.4283013098183270E-01
389  2.9611154934618190E-03  7.1028204583429108E-02  1.0918125837674089E-03  5.2593068761095464E-02  1.4280052933716905E-01
390  2.9048553662508127E-03  7.0849922666532256E-02  1.0912415426056923E-03  5.2563853302692316E-02  1.4277528004885662E-01
391  2.9021410200076110E-03  7.0634381239541230E-02  1.0914596442672649E-03  5.2624823827430993E-02  1.4275229274882836E-01
392  2.9119163857573753E-03  7.0413823617616111E-02  1.0922624874288986E-03  5.2984765914014714E-02  1.4272923059967840E-01
393  2.8789817671018392E-03  7.0212454225672738E-02  1.0926769491622103E-03  5.3884313739440616E-02  1.4270446529115050E-01
394  2.8669385294514266E-03  7.0027918599056604E-02  1.0892811497992111E-03  5.5185507983083734E-02  1.4267704848240173E-01
395  2.8829003511780978E-03  6.9844358873710169E-02  1.0826880800063269E-03  5.6606229306355789E-02  1.4264621978073330E-01
396  2.8996918552034725E-03  6.9654046445431370E-02  1.0795973332414323E-03  5.7935621047340909E-02  1.4261237980103933E-01
397  2.8813240540178134E-03  6.9477170445414863E-02  1.0843369766541614E-03  5.9132201265638715E-02  1.4257680369800782E-01
398  2.8893540153497369E-03  6.9336774530949025E-02  1.0915299078899025E-03  6.0111349790943978E-02  1.4254070668166730E-01
399  2.9143773310765083E-03  6.9231922837717702E-02  1.0973844544597629E-03  6.0808635562926476E-02  1.4250390221008802E-01
400  2.8505433935215397E-03  6.9154645952497623E-02  1.0962272677699457E-03  6.1202292642116525E-02  1.4246864012609378E-01
401  2.8112421135277313E-03  6.9090206530980899E-02  1.0828510718954144E-03  6.1367510502618350E-02  1.4243563452256419E-01
402  2.8455295147540999E-03  6.9041782542087413E-02  1.0643336757025469E-03  6.1285952249077805E-02  1.4240336434699397E-01
403  2.8802467039852134E-03  6.9022609572828977E-02  1.0527161282320584E-03  6.0910053540376284E-02  1.4236869538610583E-01
404  2.8008442372787386E-03  6.9028056191396028E-02  1.0484184182016937E-03  6.0208951810032815E-02  1.4233373272884631E-01
405  2.7240521848048266E-03  6.9029553865337018E-02  1.0444996750199871E-03  5.9187029287923257E-02  1.4229932830152711E-01
406  2.6129419212175893E-03  6.9023274563707868E-02  1.0383194444962020E-03  5.8021533603172366E-02  1.4226753910832299E-01
407  2.5220560398399277E-03  6.9020631445672179E-02  1.0282010093015514E-03  5.6785504150918563E-02  1.4223864190953764E-01
408  2.3848522454532096E-03  6.9035329031086820E-02  1.0174122491209770E-03  5.5599070456308651E-02  1.4221328445340409E-01
409  2.2258308931047879E-03  6.9063733699179369E-02  1.0073515285940790E-03  5.4620194741857336E-02  1.4219112104883022E-01
410  2.1433951235391852E-03  6.9104599326533095E-02  9.9653937747142549E-04  5.3877529208852151E-02  1.4217127375438218E-01
411  2.1200702045958255E-03  6.9169853812051194E-02  9.8463880648625986E-04  5.3302102639096197E-02  1.4215175284076126E-01
412  2.1449168673818172E-03  6.9260270692075784E-02  9.7390190803789585E-04  5.2830248668379286E-02  1.4213188003626351E-01
413  2.1133365502772005E-03  6.9372786849712792E-02  9.6579023786454220E-04  5.2458586999305827E-02  1.4211175311711191E-01
414  2.1138284994153384E-03  6.9512017226115080E-02  9.6073978531323692E-04  5.2197210762941697E-02  1.4209138475868133E-01
415  2.0834824657571930E-03  6.9684503819833557E-02  9.6185101497131889E-04  5.2062643369704724E-02  1.4207067675596241E-01
416  2.0979181122267091E-03  6.9881616893188725E-02  9.6983128086276392E-04  5.2021979471397688E-02  1.4204960185007195E-01
417  2.1342052960174451E-03  7.0094439990708815E-02  9.8028280222033190E-04  5.2011537844452359E-02  1.4202797035884754E-01
418  2.1713552318926143E-03  7.0308722743477881E-02  9.8942389900327841E-04  5.2013076337782738E-02  1.4200551500980488E-01
419  2.2048726134751393E-03  7.0488337956464128E-02  9.9701452379066433E-04  5.2010871898388149E-02  1.4198313081617880E-01
420  2.2804032937837160E-03  7.0618746584436787E-02  1.0078797162785616E-03  5.1966694333429028E-02  1.4196003804364477E-01
421  2.3130464225220638E-03  7.0698149782537106E-02  1.0227891088594701E-03  5.1866609300186231E-02  1.4193686264705296E-01
422  2.3529933036161429E-03  7.0728509003111964E-02  1.0371612164777199E-03  5.1638990846844410E-02  1.4191378066680110E-01
423  2.3727590410801453E-03  7.0715456241439031E-02  1.0443867192558504E-03  5.1350928415421042E-02  1.4189101960267916E-01
424  2.4153090078857099E-03  7.0670131306211512E-02  1.0464621294168973E-03  5.1107263887904902E-02  1.4186775434145046E-01
425  2.3370267100693816E-03  7.0610892330757916E-02  1.0438676283987555E-03  5.1030497411254337E-02  1.4184538692418308E-01
426  2.2760624186015490E-03  7.0531717472352012E-02  1.0338243129906935E-03  5.1108801964201388E-02  1.4182486591066221E-01
427  2.2666917981102154E-03  7.0434789640595352E-02  1.0240403760029637E-03  5.1292408077740874E-02  1.4180529089817276E-01
428  2.2588667008188123E-03  7.0330067705907190E-02  1.0219583138164801E-03  5.1534904054632936E-02  1.4178559881845337E-01
429  2.2643365648476787E-03  7.0218415521841243E-02  1.0253041515861270E-03  5.1766753699197060E-02  1.4176531128326547E-01
430  2.2419012527067454E-03  7.0106068311540787E-02  1.0267346843144075E-03  5.2011644758903373E-02  1.4174411124493144E-01
431  2.2391817916741831E-03  6.9998370265185267E-02  1.0203486713666235E-03  5.2256162115627398E-02  1.4172351356498578E-01
432  2.2794290811312609E-03  6.9885011107453612E-02  1.0116000590040431E-03  5.2449224696584029E-02  1.4170403527922112E-01
433  2.2678563172704568E-03  6.9772756795376992E-02  1.0101888785609874E-03  5.2639517107976194E-02  1.4168708041102371E-01
434  2.2326712067277520E-03  6.9675244774006329E-02  1.0124500171938484E-03  5.2841326810450152E-02  1.4167332076270861E-01
435  2.2369367222038997E-03  6.9600532752045585E-02  1.0119560834965192E-03  5.3039000062767364E-02  1.4166118537498695E-01
436  2.2747602399477260E-03  6.9544455661303461E-02  1.0077786188029151E-03  5.3224613995568937E-02  1.4164850270259052E-01
437  2.2461243608776701E-03  6.9489851342271355E-02  1.0004679562366375E-03  5.3375850744048534E-02  1.4163461192690824E-01
438  2.1464216088860569E-03  6.9414610824315284E-02  9.8453857939619755E-04  5.3424434395754755E-02  1.4162071681094179E-01
439  2.0627799923364650E-03  6.9312867084039081E-02  9.6397184567203022E-04  5.3375684664063776E-02  1.4160764471199244E-01
440  1.9631251992832414E-03  6.9203908623335975E-02  9.4720916109529278E-04  5.3315572359164010E-02  1.4159518608064561E-01
441  1.8755888419764344E-03  6.9114434523244811E-02  9.3851029296484849E-04  5.3233350150774301E-02  1.4158334019545593E-01
442  1.8063964440697420E-03  6.9056200850950711E-02  9.3348231188472716E-04  5.3165803028926477E-02  1.4157133192634153E-01
443  1.7498550551019580E-03  6.9032075238200138E-02  9.2838974103832191E-04  5.3124196153517066E-02  1.4155905754154538E-01
444  1.6857998443960316E-03  6.9035712384983669E-02  9.2225905676963980E-04  5.3106715554404341E-02  1.4154683646549707E-01
445  1.6390654900429948E-03  6.9060553087956278E-02  9.1793255266313823E-04  5.3077388885853595E-02  1.4153532815960901E-01
446  1.6112717597655418E-03  6.9104911948457623E-02  9.1671091940245656E-04  5.3029253602260649E-02  1.4152455815591097E-01
447  1.5786548565644932E-03  6.9163599990544333E-02  9.1858442256841847E-04  5.2930789926437558E-02  1.4151453400720332E-01
448  1.5721487403441159E-03  6.9226879177395062E-02  9.2379773842659555E-04  5.2775215048139555E-02  1.4150471074794135E-01
449  1.6091378441275754E-03  6.9289616734494838E-02  9.3454466853341335E-04  5.2571263778082807E-02  1.4149426443248733E-01
450  1.6941742480415841E-03  6.9354555081732813E-02  9.5139177558860506E-04  5.2355051131478279E-02  1.4148223841742763E-01
451  1.7172010541762358E-03  6.9424789557902364E-02  9.7187505568472373E-04  5.2151650946831073E-02  1.4146882393373494E-01
452  1.7028978776959746E-03  6.9493401371737179E-02  9.9016800595442384E-04  5.1942199195429799E-02  1.4145544721721545E-01
453  1.7245702125839556E-03  6.9556636229981164E-02  1.0055797003788781E-03  5.1701222022272633E-02  1.4144256876380701E-01
454  1.7515498844261890E-03  6.9613159067255390E-02  1.0193950506751674E-03  5.1447643189281508E-02  1.4143036619130805E-01
455  1.7595383695134703E-03  6.9651606416128914E-02  1.0312059298061406E-03  5.1203405038145272E-02  1.4141957475772524E-01
456  1.8041263142323527E-03  6.9662682374126109E-02  1.0402480311442420E-03  5.0993021144471511E-02  1.4140992154219817E-01
457  1.8435906617631224E-03  6.9650835788096749E-02  1.0470648004395357E-03  5.0838437794391927E-02  1.4140061347063629E-01
458  1.8829079744006063E-03  6.9622259613647139E-02  1.0531514372233122E-03  5.0734404102342978E-02  1.4139086022332314E-01
459  1.9253380553024588E-03  6.9578987008792656E-02  1.0571615636347975E-03  5.0672554239057255E-02  1.4138029055405518E-01
460  1.9752004399179292E-03  6.9523317526977921E-02  1.0561234909183723E-03  5.0699445229701254E-02  1.4136864049178632E-01
461  1.9809240057704343E-03  6.9468014844905196E-02  1.0478806972087085E-03  5.0821343611562576E-02  1.4135681832534241E-01
462  1.9610536145411319E-03  6.9424263536074227E-02  1.0363200854616225E-03  5.0970956932677135E-02  1.4134569598427726E-01
463  1.9556575484285794E-03  6.9392219917567832E-02  1.0242031399671639E-03  5.1103011791454149E-02  1.4133570212067123E-01
464  1.9732590192806940E-03  6.9359352406719019E-02  1.0109897230758155E-03  5.1241046324495762E-02  1.4132646165572157E-01
465  1.9992748252748451E-03  6.9317713767944780E-02  9.9647309654043374E-04  5.1375085765710517E-02  1.4131795160043370E-01
466  1.9882832156068752E-03  6.9270567551890427E-02  9.8293621553442864E-04  5.1461572490047548E-02  1.4131063954979844E-01
467  2.0360305169145449E-03  6.9222840170752573E-02  9.7214149328005953E-04  5.1443963291282500E-02  1.4130456791903118E-01
468  2.0908926876339862E-03  6.9181524321540080E-02  9.6616190654763611E-04  5.1422381566477542E-02  1.4129887785445894E-01
469  2.1276442001019300E-03  6.9141290828427557E-02  9.6339770450942872E-04  5.1524535241224169E-02  1.4129246029459527E-01
470  2.1480522070842947E-03  6.9088827175413148E-02  9.6519396190605788E-04  5.1780604834740840E-02  1.4128435930045780E-01
471  2.1742436608893755E-03  6.9023318367421357E-02  9.7137267497926353E-04  5.2185538794734330E-02  1.4127432824884856E-01
472  2.2123462429330925E-03  6.8954780149943065E-02  9.7515534174274468E-04  5.2665882831236549E-02  1.4126326845888620E-01
473  2.2885676930147984E-03  6.8886761579950065E-02  9.7198841240004794E-04  5.3167344559799469E-02  1.4125248178648739E-01
474  2.3576995612324923E-03  6.8816130321855018E-02  9.6899824757870970E-04  5.3696391230993623E-02  1.4124278814083019E-01
475  2.3678771705838088E-03  6.8742667615534700E-02  9.7546241179511165E-04  5.4249294240771080E-02  1.4123423045731437E-01
476  2.3683490012986761E-03  6.8666158630912258E-02  9.8684373747128353E-04  5.4790246438717660E-02  1.4122553438094740E-01
477  2.3880055626411762E-03  6.8581621489468697E-02  9.9278878961665123E-04  5.5321423922552668E-02  1.4121502396983088E-01
478  2.3838670242494835E-03  6.8493915363336905E-02  9.9127847240158308E-04  5.5784459758805971E-02  1.4120238410102598E-01
479  2.3528914383298648E-03  6.8419637476133041E-02  9.8727135994000604E-04  5.6130824809144671E-02  1.4118903344238865E-01
480  2.3217302453900795E-03  6.8364128201252511E-02  9.8227616338306318E-04  5.6333691152077661E-02  1.4117648965775728E-01
481  2.3199720588532270E-03  6.8322697652978867E-02  9.7682744878527759E-04  5.6468832420364580E-02  1.4116549852641785E-01
482  2.3419481679037568E-03  6.8295462069288104E-02  9.7663993038734449E-04  5.6590128731881253E-02  1.4115615168635115E-01
483  2.3642288913122973E-03  6.8286007481474453E-02  9.8954928398212031E-04  5.6673429708766349E-02  1.4114836799259892E-01
484  2.3811440404724578E-03  6.8293899002839664E-02  1.0158048546666850E-03  5.6695735489866228E-02  1.4114239446889013E-01
485  2.4080208841444372E-03  6.8322680262860661E-02  1.0486029017518130E-03  5.6617176184517989E-02  1.4113821958946018E-01
486  2.4248275311473440E-03  6.8377000511019428E-02  1.0793699687005197E-03  5.6416238321978555E-02  1.4113560622298604E-01
487  2.4455283064505774E-03  6.8451044522666510E-02  1.1047588763938325E-03  5.6133299250420488E-02  1.4113388493186807E-01
488  2.4635202794663332E-03  6.8547505497522726E-02  1.1222055411548549E-03  5.5856008072092483E-02  1.4113196198046105E-01
489  2.4207734795250648E-03  6.8658689098236109E-02  1.1261047344255600E-03  5.5615534787557624E-02  1.4112882676942010E-01
490  2.3578079517465036E-03  6.8756475775171869E-02  1.1178487111919773E-03  5.5367706434982261E-02  1.4112396886753403E-01
491  2.3670284897111191E-03  6.8838633954483655E-02  1.1109990816984222E-03  5.5012735136978054E-02  1.4111728983310515E-01
492  2.3423833670036531E-03  6.8921598104492721E-02  1.1122621649936860E-03  5.4629027233550766E-02  1.4110959158786587E-01
493  2.3316701106060518E-03  6.8994464474944617E-02  1.1106673844966087E-03  5.4223898264799709E-02  1.4110271450308939E-01
494  2.3534809211401384E-03  6.9047495286600508E-02  1.0998409648304420E-03  5.3769891707360212E-02  1.4109809952754909E-01
495  2.3399222699291419E-03  6.9082974577850675E-02  1.0812611550536598E-03  5.3270306865252033E-02  1.4109679150127810E-01
496  2.3005578666162466E-03  6.9102912388421617E-02  1.0587704169627990E-03  5.2741306258542557E-02  1.4109862400173542E-01
497  2.3163193056054969E-03  6.9103861164569347E-02  1.0348467816488557E-03  5.2118610632248243E-02  1.4110226977774351E-01
498  2.3564115927890371E-03  6.9085187996260233E-02  1.0171449630711059E-03  5.1376943758329421E-02  1.4110629057227023E-01
499  2.3062810450364193E-03  6.9047002756943782E-02  1.0105039252117107E-03  5.0650927524027972E-02  1.4110889429305704E-01
500  2.2703450146744609E-03  6.8981481905628361E-02  1.0071313034959628E-03  4.9933440463512946E-02  1.4110903502764399E-01
501  2.2613813612706573E-03  6.8901271153178914E-02  1.0036391902902226E-03  4.9240148452140670E-02  1.4110632588963792E-01
502  2.2061772761453420E-03  6.8832093603424085E-02  1.0004073427550076E-03  4.8597257192391621E-02  1.4110078755512023E-01
503  2.1565306281850260E-03  6.8781294817757813E-02  9.9909396626085729E-04  4.8048983066616958E-02  1.4109309823380684E-01
504  2.1171558598130419E-03  6.8742264655538551E-02  9.9956641557200814E-04  4.7670657873565787E-02  1.4108425115967790E-01
505  2.1048555591970616E-03  6.8705099535430775E-02  9.9903817421916627E-04  4.7503030706707271E-02  1.4107516317638968E-01
506  2.0636214935434382E-03  6.8660087533362793E-02  9.9391664708688046E-04  4.7585345100464686E-02  1.4106682502610168E-01
507  2.0851073381929642E-03  6.8592333961902924E-02  9.8607758786744648E-04  4.7881396629019669E-02  1.4105880635402279E-01
508  2.1294662709980608E-03  6.8502113302892839E-02  9.8176072882797294E-04  4.8395492194673886E-02  1.4105001727932259E-01
509  2.1902994715414185E-03  6.8402418672964177E-02  9.8426848842311202E-04  4.9092774717965582E-02  1.4103969311808567E-01
510  2.2365771844584663E-03  6.8308745957223888E-02  9.9797612186662034E-04  4.9930142303658685E-02  1.4102816737151050E-01
511  2.2175155307092753E-03  6.8233951286835154E-02  1.0144996767881115E-03  5.0893861896795345E-02  1.4101755092216234E-01
512  2.2019226966412189E-03  6.8178985026333572E-02  1.0226997748535580E-03  5.1877168581903894E-02  1.4100991122300557E-01
513  2.1689967428479978E-03  6.8131298769648407E-02  1.0245347100408385E-03  5.2830038716503824E-02  1.4100590654126710E-01
514  2.1321847912846212E-03  6.8066423074291699E-02  1.0237976830250058E-03  5.3669893556572715E-02  1.4100519179897530E-01
515  2.0472526177837823E-03  6.7975443548222964E-02  1.0220093648542869E-03  5.4431245789005669E-02  1.4100666502878634E-01
516  1.9936377954154591E-03  6.7872905606572428E-02  1.0202041542676690E-03  5.5045683199896563E-02  1.4100890796385260E-01
517  1.9638100267636788E-03  6.7769266174470696E-02  1.0229869233683601E-03  5.5504137147571450E-02  1.4101078605578651E-01
518  1.9604267762552943E-03  6.7681124689195363E-02  1.0281097910067188E-03  5.5807619272235515E-02  1.4101109894397956E-01
519  1.9765065064666454E-03  6.7598999041692642E-02  1.0341634856366425E-03  5.5983191372789655E-02  1.4100947902596947E-01
520  1.9559345379292470E-03  6.7518694545118982E-02  1.0417618356677648E-03  5.6002392396961503E-02  1.4100658793864326E-01
521  1.9298795200415083E-03  6.7440530560379977E-02  1.0486981021055671E-03  5.5843075338777158E-02  1.4100361064101680E-01
522  1.8800343112425886E-03  6.7374442423192474E-02  1.0525674895577330E-03  5.5518441320436207E-02  1.4100134358842975E-01
523  1.8608933293123530E-03  6.7321892620713822E-02  1.0513817085132857E-03  5.5111626202061732E-02  1.4099972505725111E-01
524  1.8688619986403068E-03  6.7280020617111594E-02  1.0443648067134652E-03  5.4692944117547014E-02  1.4099830441434358E-01
525  1.9114970850632662E-03  6.7250027702415685E-02  1.0344949161679177E-03  5.4252252921484549E-02  1.4099701938509279E-01
526  1.8734886086491809E-03  6.7234244145387007E-02  1.0284443059827267E-03  5.3819189494737560E-02  1.4099661444506634E-01
527  1.8418765177351602E-03  6.7228300192364185E-02  1.0238652365973755E-03  5.3339769656691439E-02  1.4099798969392113E-01
528  1.8116507213175753E-03  6.7237672418079417E-02  1.0137692768169390E-03  5.2840497723176914E-02  1.4100135512352061E-01
529  1.7847505935578052E-03  6.7263432271333440E-02  9.9764903002812731E-04  5.2364618547027904E-02  1.4100605551551523E-01
530  1.7456419615858732E-03  6.7299166114303199E-02  9.7858751215205357E-04  5.1945992318486046E-02  1.4101061600999093E-01
531  1.7057359005913948E-03  6.7338196266012632E-02  9.5703338546271398E-04  5.1599701460677598E-02  1.4101365117139186E-01
532  1.6973192789835737E-03  6.7378316791206164E-02  9.3639342141558580E-04  5.1310031843118768E-02  1.4101437133487990E-01
533  1.7168115178522513E-03  6.7429009473597548E-02  9.2415747880240050E-04  5.1016975158116942E-02  1.4101264137185224E-01
534  1.7355211744601228E-03  6.7498665764973723E-02  9.2393171007836765E-04  5.0697200243316816E-02  1.4100875284623021E-01
535  1.7417578491575358E-03  6.7581629240360472E-02  9.3095266928941271E-04  5.0344026267626678E-02  1.4100337266844690E-01
536  1.7276491754965933E-03  6.7665137451633758E-02  9.3868058214544622E-04  4.9993508357103478E-02  1.4099733983563364E-01
537  1.6989220717326700E-03  6.7735204153604137E-02  9.4427585195657642E-04  4.9676429468624390E-02  1.4099168685791588E-01
538  1.7184152011662517E-03  6.7789437394957366E-02  9.4786901764190297E-04  4.9369241183452796E-02  1.4098697291869508E-01
539  1.7366896434091519E-03  6.7835106936016742E-02  9.5297285417772915E-04  4.9083399783553514E-02  1.4098349632183801E-01
540  1.7311575628211080E-03  6.7870221547610618E-02  9.6128480275322801E-04  4.8880092544915973E-02  1.4098163702137920E-01
541  1.7301750748042102E-03  6.7888179706572710E-02  9.7095487278430175E-04  4.8803816354630394E-02  1.4098143027207119E-01
542  1.7362867654631697E-03  6.7884128248415498E-02  9.8044458695742171E-04  4.8830539583878986E-02  1.4098260319692835E-01
543  1.7559966295581165E-03  6.7857593793586399E-02  9.8883871244460539E-04  4.8942293169356312E-02  1.4098464112091133E-01
544  1.7783811224282781E-03  6.7816343723573883E-02  9.9379656589465635E-04  4.9159246993163618E-02  1.4098694781723828E-01
545  1.7979913389518003E-03  6.7768414667274027E-02  9.9552690663326547E-04  4.9539242358542478E-02  1.4098902996794344E-01
546  1.7794964810413311E-03  6.7718287390671136E-02  9.9710731165187630E-04  5.0114543954821553E-02  1.4099064557686719E-01
547  1.7552886260609349E-03  6.7663615155303128E-02  9.9777844675045797E-04  5.0841179235653851E-02  1.4099187407339681E-01
548  1.7711756482698502E-03  6.7596814486076295E-02  9.9621867044955145E-04  5.1620455050105769E-02  1.4099296356791313E-01
549  1.7946073559483920E-03  6.7510224871203769E-02  9.9622307542491400E-04  5.2409513351231930E-02  1.4099399017517350E-01
550  1.7757314608432973E-03  6.7405498875939010E-02  1.0005741792960276E-03  5.3171061320420404E-02  1.4099464152108535E-01
551  1.7365136167924913E-03  6.7290809484530270E-02  1.0063174914591185E-03  5.3884379559114966E-02  1.4099459292787467E-01
552  1.6891829267192586E-03  6.7176047014454759E-02  1.0099317009483245E-03  5.4532676623358360E-02  1.4099393194367435E-01
553  1.6744197783458833E-03  6.7060411144086438E-02  1.0107612308996516E-03  5.5106435541524224E-02  1.4099327059913369E-01
554  1.6472662121781302E-03  6.6951250690588826E-02  1.0098479302394340E-03  5.5580702717410065E-02  1.4099350158995524E-01
555  1.6015269663629298E-03  6.6864152764849638E-02  1.0070088464193838E-03  5.5912863970636717E-02  1.4099532662053715E-01
556  1.5507951392534560E-03  6.6795009325566979E-02  1.0041885476432216E-03  5.6103661933366418E-02  1.4099891459528680E-01
557  1.5103190878425993E-03  6.6728636754030443E-02  1.0015807722812892E-03  5.6206165103630398E-02  1.4100375145397881E-01
558  1.5018819410779741E-03  6.6651493859425523E-02  9.9785005046356193E-04  5.6238350062179511E-02  1.4100925578166679E-01
559  1.5146583040417277E-03  6.6570286422550196E-02  9.9086165548597713E-04  5.6169772694988442E-02  1.4101460756759399E-01
560  1.5316425829607295E-03  6.6502430634518037E-02  9.8120010713487042E-04  5.6006563321592616E-02  1.4101914307610591E-01
561  1.5356783725802871E-03  6.6461951797290364E-02  9.7295996557312798E-04  5.5745448717658574E-02  1.4102245857931106E-01
562  1.5025397695508818E-03  6.6448136761749849E-02  9.6995864369708385E-04  5.5394456680341590E-02  1.4102456171183927E-01
563  1.5056947157676978E-03  6.6450831912973324E-02  9.6874849952242306E-04  5.4937100055576081E-02  1.4102573857185183E-01
564  1.4829905318583291E-03  6.6462357725125043E-02  9.6679303338796782E-04  5.4393690279302374E-02  1.4102623379051102E-01
565  1.4509403298059000E-03  6.6476011712501379E-02  9.6290520194154217E-04  5.3797144715915790E-02  1.4102600232152926E-01
566  1.3998816838771432E-03  6.6494235808461075E-02  9.5655634857954089E-04  5.3165981018112360E-02  1.4102505772000709E-01
567  1.3721423518687319E-03  6.6523595613540612E-02  9.4904442488098241E-04  5.2470254942500447E-02  1.4102364114128385E-01
568  1.3660926460120992E-03  6.6567962168078268E-02  9.4312047807289115E-04  5.1726937344701414E-02  1.4102225911634320E-01
569  1.3459106421857367E-03  6.6629399271231640E-02  9.3966613671447332E-04  5.0964762693580939E-02  1.4102135039577759E-01
570  1.3280927617112749E-03  6.6700890696428775E-02  9.3620748813822720E-04  5.0257175720202552E-02  1.4102101783358054E-01
571  1.2959141204060825E-03  6.6780038677058937E-02  9.3056654176705751E-04  4.9582180322752287E-02  1.4102080702779737E-01
572  1.2600906198251679E-03  6.6847981943174886E-02  9.2331989540737577E-04  4.8997549078167946E-02  1.4102022425269484E-01
573  1.2039018267505767E-03  6.6890245544102528E-02  9.1592246635132377E-04  4.8508913409989890E-02  1.4101917506495545E-01
574  1.1799657924729044E-03  6.6908183529588244E-02  9.0976826838273339E-04  4.8131329727537468E-02  1.4101792179402828E-01
575  1.1921665404124170E-03  6.6920421222923299E-02  9.0683338259662887E-04  4.7842789167396961E-02  1.4101658679625928E-01
576  1.2057323641700953E-03  6.6943399314436783E-02  9.0672268760018599E-04  4.7666769053835246E-02  1.4101503176330074E-01
577  1.2055772572888476E-03  6.6978563099904742E-02  9.0836721167445280E-04  4.7621520639558566E-02  1.4101281381508141E-01
578  1.1973843495537448E-03  6.7012204111565804E-02  9.1305355542915421E-04  4.7706332818474910E-02  1.4100952828382382E-01
579  1.1698028885104433E-03  6.7026015360077559E-02  9.1894388159414011E-04  4.7907520325580669E-02  1.4100538488553904E-01
580  1.1513650870644367E-03  6.7014512983931560E-02  9.2261505107283119E-04  4.8201415873855936E-02  1.4100103881562565E-01
581  1.1278509319255032E-03  6.6985883020729525E-02  9.2612774780050859E-04  4.8587903904301684E-02  1.4099736637236421E-01
582  1.1060131467916956E-03  6.6949583940095980E-02  9.3126660930767499E-04  4.9035040974071922E-02  1.4099527944512000E-01
583  1.0973644065064869E-03  6.6907041998542541E-02  9.3604053291665478E-04  4.9530014762598544E-02  1.4099511925130415E-01
584  1.1109199656681068E-03  6.6854685976939970E-02  9.4019400762320327E-04  5.0072089480920831E-02  1.4099683709083022E-01
585  1.1009414527794349E-03  6.6794527816173149E-02  9.4508962885529008E-04  5.0636576799145773E-02  1.4099998563865776E-01
586  1.0814175857463354E-03  6.6733273452265610E-02  9.5020571460585678E-04  5.1193950311726487E-02  1.4100377394124405E-01
587  1.0806131496712197E-03  6.6675202559791549E-02  9.5466445895203342E-04  5.1722514042400011E-02  1.4100745013452295E-01
588  1.0649432350784604E-03  6.6619830433525221E-02  9.5935241152577874E-04  5.2221130351799705E-02  1.4101041855889623E-01
589  1.0787767769283912E-03  6.6560868380596563E-02  9.6324939363470221E-04  5.2676554407349759E-02  1.4101218704756482E-01
590  1.0929684945371314E-03  6.6490322333499663E-02  9.6703990709854834E-04  5.3124269997913892E-02  1.4101288148231855E-01
591  1.0904850781057944E-03  6.6417780749798053E-02  9.6963847813599238E-04  5.3531231426569778E-02  1.4101276410609276E-01
592  1.1153979579864325E-03  6.6347386541017697E-02  9.6948892011604489E-04  5.3884071419690628E-02  1.4101225053947850E-01
593  1.1499512392760573E-03  6.6283447078418989E-02  9.6488423240924089E-04  5.4171816647603142E-02  1.4101165151323558E-01
594  1.1625794441516412E-03  6.6226852700719319E-02  9.5609404871937977E-04  5.4378515340395180E-02  1.4101112362159399E-01
595  1.1444415093962413E-03  6.6178508981802872E-02  9.4559297083269904E-04  5.4483106643137644E-02  1.4101077100974660E-01
596  1.1295284463382694E-03  6.6140555123345546E-02  9.3468988509104055E-04  5.4486725051294767E-02  1.4101069016688500E-01
597  1.1098709093922655E-03  6.6117135744848204E-02  9.2538208591740685E-04  5.4404004293216006E-02  1.4101094431055811E-01
598  1.1062116094579519E-03  6.6106835114219109E-02  9.1850800190314838E-04  5.4254632485999363E-02  1.4101147811106471E-01
599  1.1084190496380136E-03  6.6100267083153072E-02  9.1289752470820481E-04  5.4032829870061493E-02  1.4101212593601115E-01
600  1.0957603825655173E-03  6.6087408538335612E-02  9.0729659678612685E-04  5.3744866365162146E-02  1.4101261118799110E-01
601  1.0713943491603003E-03  6.6067310400359944E-02  9.0158097018410344E-04  5.3397695318977048E-02  1.4101275649709280E-01
602  1.0397345880368174E-03  6.6051212195083295E-02  8.9661424484109651E-04  5.3004745842030264E-02  1.4101253060980420E-01
603  1.0264370367005597E-03  6.6051635274694889E-02  8.9292194566081774E-04  5.2566937723394061E-02  1.4101197541019603E-01
604  1.0162190373969849E-03  6.6076081556894262E-02  8.9183948519109830E-04  5.2072477698678142E-02  1.4101105674796879E-01
605  9.9617666134406576E-04  6.6119121507874870E-02  8.9349565046574345E-04  5.1592087593643372E-02  1.4100977303430196E-01
606  9.9923600726337320E-04  6.6173412967529002E-02  8.9667930995848135E-04  5.1106363551416283E-02  1.4100803288451821E-01
607  9.9695736686606284E-04  6.6235450999240511E-02  9.0027780445287476E-04  5.0624326404034366E-02  1.4100599110173104E-01
608  1.0022600662095962E-03  6.6307071738534173E-02  9.0382748469186873E-04  5.0143145657358432E-02  1.4100408200901701E-01
609  9.8219677421280895E-04  6.6385528871590785E-02  9.0689308766701512E-04  4.9708680318035603E-02  1.4100312309217267E-01
610  9.7224522174532149E-04  6.6466926534436602E-02  9.0973467030677009E-04  4.9324843442916363E-02  1.4100373951316222E-01
611  9.6519699636422136E-04  6.6546254414356909E-02  9.1342100019044985E-04  4.9010240144048034E-02  1.4100608426742714E-01
612  9.6489055537201101E-04  6.6621783162931866E-02  9.1831389326641627E-04  4.8774809324392057E-02  1.4100976095591200E-01
613  9.6866981781952002E-04  6.6696445174638977E-02  9.2345440677716315E-04  4.8618556079895153E-02  1.4101400237950973E-01
614  9.6349464669297799E-04  6.6771849402273376E-02  9.2864442716296066E-04  4.8539925551909183E-02  1.4101795310692711E-01
615  9.5977322934753763E-04  6.6837112810379740E-02  9.3243709426445468E-04  4.8545048786023365E-02  1.4102073236981771E-01
616  9.7819883990353193E-04  6.6881898285234678E-02  9.3539481218986797E-04  4.8624182592562321E-02  1.4102207222403090E-01
617  9.7215436140050753E-04  6.6893945990913459E-02  9.3868310285639240E-04  4.8768713273987394E-02  1.4102192342192246E-01
618  9.6217104301842178E-04  6.6866162787266717E-02  9.4239635858175204E-04  4.8966355532621290E-02  1.4102064249649421E-01
619  9.4948849017478082E-04  6.6802849310141771E-02  9.4565646051328811E-04  4.9220555664656412E-02  1.4101888853276556E-01
620  9.4478494407613709E-04  6.6714988822379348E-02  9.4800231794746760E-04  4.9534408943781777E-02  1.4101730283491462E-01
621  9.3823607678419495E-04  6.6610798729521525E-02  9.4975969790060525E-04  4.9907159679877057E-02  1.4101609760655670E-01
622  9.3823751268837209E-04  6.6495062912904912E-02  9.5012219000029422E-04  5.0322552737370407E-02  1.4101493424303280E-01
623  9.2795897927502229E-04  6.6369805960084405E-02  9.4891510887256888E-04  5.0759246570543627E-02  1.4101310914798593E-01
624  9.1421208657134023E-04  6.6243649807585625E-02  9.4652255053800645E-04  5.1180065857055493E-02  1.4101018023080553E-01
625  9.0519968336745190E-04  6.6120435247670556E-02  9.4264697885998189E-04  5.1584329738378905E-02  1.4100621743583225E-01
626  8.9890498262488745E-04  6.6003695227625725E-02  9.3669070303830238E-04  5.1982917994060400E-02  1.4100178837088806E-01
627  8.7555141892573342E-04  6.5904342281053380E-02  9.3015586373422878E-04  5.2358162975584682E-02  1.4099790661018535E-01
628  8.5233038635908697E-04  6.5829822051081760E-02  9.2406029875465978E-04  5.2689127611496155E-02  1.4099522001684314E-01
629  8.3071244131421678E-04  6.5778819010405734E-02  9.1836925391933493E-04  5.2961024176835209E-02  1.4099368197723067E-01
630  8.0707776840792671E-04  6.5741786129567964E-02  9.1354786689892928E-04  5.3160590557587581E-02  1.4099274833978387E-01
631  7.8923372481484635E-04  6.5706856414087175E-02  9.1007209261296097E-04  5.3289539972316294E-02  1.4099163926786951E-01
632  7.7556815913517577E-04  6.5671895977095163E-02  9.0721228508648807E-04  5.3356441056412754E-02  1.4098978462661374E-01
633  7.6507499792895152E-04  6.5642505691614866E-02  9.0544526926601406E-04  5.3361236128298038E-02  1.4098697444698269E-01
634  7.6116938413947339E-04  6.5626409056030802E-02  9.0545935443457170E-04  5.3292563607885583E-02  1.4098348526890644E-01
635  7.7925683200542211E-04  6.5624639359260342E-02  9.0663688968876715E-04  5.3144736654160599E-02  1.4097963780996869E-01
636  7.9032314028044340E-04  6.5634187826379739E-02  9.0857101177066696E-04  5.2920501712362969E-02  1.4097582855206828E-01
637  7.6733805251404748E-04  6.5650386754260562E-02  9.1083516247878816E-04  5.2643342814945412E-02  1.4097278967861818E-01
638  7.3790684234073610E-04  6.5671095653459063E-02  9.1299923743715084E-04  5.2323924102847828E-02  1.4097077034580408E-01
639  7.0836311659496019E-04  6.5695126416126418E-02  9.1434477268665119E-04  5.1971965506570891E-02  1.4096969921011429E-01
640  6.9035853812611720E-04  6.5721286800772799E-02  9.1515291354343407E-04  5.1584167198710125E-02  1.4096936421158865E-01
641  6.6187751125510233E-04  6.5747339872537933E-02  9.1562437607319123E-04  5.1183839386498980E-02  1.4096964402522674E-01
642  6.4441530934863478E-04  6.5775409907506383E-02  9.1498137986958266E-04  5.0787001626043042E-02  1.4097041113444558E-01
643  6.3726368702150327E-04  6.5812798580729623E-02  9.1303372433347628E-04  5.0392083589723920E-02  1.4097150337509073E-01
644  6.2257940618215893E-04  6.5862257453658368E-02  9.1011556696182511E-04  5.0010276788820987E-02  1.4097263632387785E-01
645  6.1890038510709490E-04  6.5920444327368377E-02  9.0666640377390774E-04  4.9648817178184326E-02  1.4097348370982341E-01
646  6.1034852945691964E-04  6.5982539970682083E-02  9.0343979668125072E-04  4.9315823137280446E-02  1.4097376712985024E-01
647  6.0136234037960648E-04  6.6041407259394211E-02  9.0117631286729843E-04  4.9038790172648415E-02  1.4097330820776641E-01
648  5.9667401558217894E-04  6.6096455549673569E-02  8.9990933840886403E-04  4.8824524164082943E-02  1.4097214100064259E-01
649  6.0243441594053115E-04  6.6149043729171964E-02  8.9916538554790464E-04  4.8670501142214294E-02  1.4097044986836041E-01
650  6.0419596212123031E-04  6.6198372403374478E-02  8.9850480185792820E-04  4.8572991707221957E-02  1.4096849619715446E-01
651  6.0390754127834787E-04  6.6236387310205175E-02  8.9759525489263613E-04  4.8540698625347385E-02  1.4096666122787441E-01
652  6.0285104592323543E-04  6.6260818303281704E-02  8.9674784734359420E-04  4.8579804836955738E-02  1.4096500502671008E-01
653  5.9386406764243694E-04  6.6273386686511060E-02  8.9633349634695239E-04  4.8694222976490613E-02  1.4096352620412780E-01
654  5.8560107778807464E-04  6.6280832245725355E-02  8.9631594145057111E-04  4.8869292254162977E-02  1.4096203444221031E-01
655  5.8423517691826401E-04  6.6287351777063616E-02  8.9695684572898356E-04  4.9091111561651836E-02  1.4096032492627997E-01
656  5.6939223351792770E-04  6.6290050156144781E-02  8.9814137150354991E-04  4.9347633144909933E-02  1.4095837254710408E-01
657  5.4684479553930912E-04  6.6281012572139184E-02  8.9930520020170936E-04  4.9625412190185653E-02  1.4095634812504951E-01
658  5.2986944921481875E-04  6.6255473383709865E-02  9.0016778645215947E-04  4.9916235902319653E-02  1.4095445253406916E-01
659  5.1687136324131975E-04  6.6215461906116449E-02  9.0090344926258351E-04  5.0219575500060884E-02  1.4095281577047078E-01
660  5.0263930446632708E-04  6.6169180939891409E-02  9.0166758162035234E-04  5.0509143162878606E-02  1.4095163861895568E-01
661  4.9463964927843739E-04  6.6121334338760149E-02  9.0268248679551918E-04  5.0770519571825046E-02  1.4095092612525820E-01
662  4.9634604623719825E-04  6.6072244227976015E-02  9.0420903110515903E-04  5.1006405002811596E-02  1.4095049021643896E-01
663  4.9694014181628980E-04  6.6020250269071171E-02  9.0603778919937192E-04  5.1231483692205967E-02  1.4095001905797877E-01
664  4.9791005906364694E-04  6.5965646327861352E-02  9.0764497434201916E-04  5.1444474914986403E-02  1.4094922814255076E-01
665  4.8997358188797226E-04  6.5909553692126505E-02  9.0912581121132315E-04  5.1638268943453178E-02  1.4094797546020896E-01
666  4.8770984200833552E-04  6.5856982979617507E-02  9.1032402289091237E-04  5.1795780189838381E-02  1.4094638249155819E-01
667  4.8824934368226164E-04  6.5806685469639747E-02  9.1130877298059977E-04  5.1921962212065013E-02  1.4094459719855079E-01
668  4.7774709836774672E-04  6.5761510535782969E-02  9.1200845461213381E-04  5.2004505793504054E-02  1.4094304113725697E-01
669  4.6757567304508529E-04  6.5720815575396413E-02  9.1240627247901607E-04  5.2038310920339836E-02  1.4094190782472629E-01
670  4.5587414348753462E-04  6.5686155836011562E-02  9.1246487584309519E-04  5.2024920098305678E-02  1.4094112359255270E-01
671  4.4536445150089528E-04  6.5659550181770915E-02  9.1216258438433877E-04  5.1970177504847968E-02  1.4094041354113426E-01
672  4.3774486088912735E-04  6.5641720449684277E-02  9.1133849185614352E-04  5.1880735435820398E-02  1.4093948929837644E-01
673  4.3647203101438879E-04  6.5634197829717314E-02  9.0985373349997904E-04  5.1756960192353214E-02  1.4093822958075541E-01
674  4.3640233924262153E-04  6.5638853780853240E-02  9.0784612580035778E-04  5.1591565383527507E-02  1.4093669021194477E-01
675  4.2970883485533390E-04  6.5655319163498677E-02  9.0565340586384337E-04  5.1393357041996608E-02  1.4093514015806929E-01
676  4.2196873688109488E-04  6.5679513648484247E-02  9.0339078548631218E-04  5.1177766621848947E-02  1.4093379835302383E-01
677  4.1656842447453752E-04  6.5707302159201939E-02  9.0123098238511297E-04  5.0955373601034984E-02  1.4093269282357354E-01
678  4.2041874463007140E-04  6.5738017362762843E-02  8.9940139802506677E-04  5.0729398852884383E-02  1.4093169796593988E-01
679  4.2041427606756478E-04  6.5774881689233289E-02  8.9803417119384103E-04  5.0495735146997643E-02  1.4093062008887625E-01
680  4.1391673348760975E-04  6.5817805066313809E-02  8.9710827665507513E-04  5.0262847473808180E-02  1.4092938965374280E-01
681  4.1348874305895876E-04  6.5865793531054581E-02  8.9665384165069962E-04  5.0028001517684793E-02  1.4092796490949358E-01
682  4.0409368489994433E-04  6.5914066129246079E-02  8.9661331710863838E-04  4.9807781444466924E-02  1.4092641995423791E-01
683  3.9952470230942460E-04  6.5957498666470757E-02  8.9689536346199941E-04  4.9617451416750717E-02  1.4092482489116046E-01
684  3.8553042444541342E-04  6.5993919064637557E-02  8.9743005593881809E-04  4.9462435076234455E-02  1.4092323567096435E-01
685  3.7622071289042375E-04  6.6023725601679184E-02  8.9790041804824487E-04  4.9343847009257272E-02  1.4092176944143012E-01
686  3.6866324875141988E-04  6.6050791591950403E-02  8.9822197980948554E-04  4.9254539158347890E-02  1.4092048924507464E-01
687  3.7319651824548159E-04  6.6076476221229086E-02  8.9860526766944934E-04  4.9193226152404471E-02  1.4091940053635310E-01
688  3.7761489221461840E-04  6.6097503962153706E-02  8.9917346699989933E-04  4.9162547759713821E-02  1.4091841175508343E-01
689  3.7378373706646221E-04  6.6108607354090035E-02  8.9971825904832032E-04  4.9169128831813735E-02  1.4091740644038284E-01
690  3.6974664369555645E-04  6.6109197783570384E-02  9.0021241124275714E-04  4.9212974782930199E-02  1.4091627605729470E-01
691  3.6189076677483619E-04  6.6101983984996227E-02  9.0064039774139448E-04  4.9288880012492299E-02  1.4091507287873015E-01
692  3.5638560978687689E-04  6.6087466407633438E-02  9.0087153569060920E-04  4.9390857592356938E-02  1.4091394374649790E-01
693  3.5079670818989410E-04  6.6063437738661315E-02  9.0100519507262122E-04  4.9518356734873620E-02  1.4091300765526321E-01
694  3.5221407836659544E-04  6.6027304442148382E-02  9.0120796048556934E-04  4.9678002155928193E-02  1.4091219174151093E-01
695  3.5825065109693088E-04  6.5979823943561750E-02  9.0152418796939342E-04  4.9874925707340867E-02  1.4091128897723385E-01
696  3.5594276694605120E-04  6.5924279347323311E-02  9.0197545419942900E-04  5.0104998524517767E-02  1.4091010011482563E-01
697  3.4119345792331087E-04  6.5869799265132395E-02  9.0246721686802398E-04  5.0332561201089379E-02  1.4090871245121800E-01
698  3.3790245111056330E-04  6.5817968047644435E-02  9.0276774350957223E-04  5.0549128682180484E-02  1.4090725090579809E-01
699  3.3776249139981783E-04  6.5766487589518363E-02  9.0297930037661674E-04  5.0763094548357951E-02  1.4090582204728141E-01
700  3.3179837444933049E-04  6.5715612332740467E-02  9.0319708687627246E-04  5.0969796018297708E-02  1.4090456156496209E-01
701  3.2668693569334087E-04  6.5668328636881518E-02  9.0327519971503687E-04  5.1153373837660263E-02  1.4090353537532141E-01
702  3.2255205306389175E-04  6.5627174173462519E-02  9.0319613161629088E-04  5.1306814763415483E-02  1.4090267409486390E-01
703  3.2269773161980959E-04  6.5595127587189425E-02  9.0304078341513628E-04  5.1422415424435243E-02  1.4090189693839272E-01
704  3.2022321063625699E-04  6.5572274548552578E-02  9.0289785022658201E-04  5.1499573456847497E-02  1.4090109789502847E-01
705  3.1949243703265442E-04  6.5557952049102072E-02  9.0270971923540433E-04  5.1540818154107292E-02  1.4090019776701287E-01
706  3.2195602782697589E-04  6.5551284704124455E-02  9.0238236716913838E-04  5.1550215708754191E-02  1.4089913583544469E-01
707  3.3058220268524559E-04  6.5552747553051849E-02  9.0186455331204922E-04  5.1525117258706940E-02  1.4089795699457533E-01
708  3.3786591971841961E-04  6.5562670985470736E-02  9.0116086077776886E-04  5.1458896571972203E-02  1.4089679238839284E-01
709  3.4237424930888359E-04  6.5579627086242570E-02  9.0025746443080155E-04  5.1350650566717435E-02  1.4089583219669605E-01
710  3.4329924621128853E-04  6.5601452713093214E-02  8.9940068839204819E-04  5.1205424060137374E-02  1.4089510373728764E-01
711  3.3866151111309957E-04  6.5626662963220894E-02  8.9885297423677915E-04  5.1036432623957580E-02  1.4089449786201827E-01
712  3.2766867974499036E-04  6.5655609586396393E-02  8.9858455094237247E-04  5.0858004081277698E-02  1.4089385398209275E-01
713  3.2269687914764664E-04  6.5690013745093381E-02  8.9847251435231691E-04  5.0671523059024448E-02  1.4089305630212887E-01
714  3.2105712861084802E-04  6.5729950466085832E-02  8.9843620601219446E-04  5.0475434212052764E-02  1.4089208761704658E-01
715  3.1901243983953212E-04  6.5771820572141745E-02  8.9839955339985462E-04  5.0277157372745629E-02  1.4089101337053800E-01
716  3.1157860386782029E-04  6.5809444455643740E-02  8.9836546917634885E-04  5.0095468162273185E-02  1.4088994567819421E-01
717  3.0562918014393224E-04  6.5840767200639597E-02  8.9827460403933430E-04  4.9939076047579349E-02  1.4088894163348509E-01
718  3.0235289540675496E-04  6.5870084547720531E-02  8.9818954781131603E-04  4.9801191333061857E-02  1.4088798863261248E-01
719  2.9342862494410242E-04  6.5900288410067301E-02  8.9809929315623352E-04  4.9685762081374409E-02  1.4088716397234491E-01
720  2.9125644036254313E-04  6.5932233052769643E-02  8.9795206371767234E-04  4.9595707321163918E-02  1.4088649884193527E-01
721  2.9241858605694957E-04  6.5963356358776565E-02  8.9786066320047804E-04  4.9535996401050136E-02  1.4088595716685787E-01
722  2.9817372674167833E-04  6.5989772339688293E-02  8.9795911366421079E-04  4.9511263058335565E-02  1.4088543262866698E-01
723  3.0055192239568981E-04  6.6008358073721934E-02  8.9817697862879344E-04  4.9520980268410092E-02  1.4088479886202585E-01
724  3.0170951362605536E-04  6.6018245211369994E-02  8.9845654939300630E-04  4.9557434597880853E-02  1.4088397179120396E-01
725  3.0694629055550750E-04  6.6021441999414940E-02  8.9886150513539200E-04  4.9613429354081334E-02  1.4088288896194903E-01
726  3.1097583712740121E-04  6.6020208791168697E-02  8.9941193671374815E-04  4.9686562807745686E-02  1.4088158294008643E-01
727  3.1184874897034894E-04  6.6015469508957411E-02  9.0015165645370213E-04  4.9776353810800818E-02  1.4088017432154878E-01
728  3.1621885740265902E-04  6.6006603263308150E-02  9.0100749062070086E-04  4.9882085784244634E-02  1.4087881111173844E-01
729  3.2279929611464135E-04  6.5991977107290489E-02  9.0189176355957585E-04  5.0006244959031748E-02  1.4087751536139317E-01
730  3.2774888849930651E-04  6.5971076862190822E-02  9.0276994001856938E-04  5.0144503365478869E-02  1.4087629891109343E-01
731  3.2309599651743272E-04  6.5945855238864842E-02  9.0356055935924379E-04  5.0287418729837302E-02  1.4087515600554815E-01
732  3.2195654764953936E-04  6.5918619235304662E-02  9.0410764429172980E-04  5.0425955789449625E-02  1.4087407229042714E-01
733  3.2265047822025252E-04  6.5889349307352921E-02  9.0450891956189814E-04  5.0559228774939229E-02  1.4087300501379685E-01
734  3.2344082900378682E-04  6.5858475448679454E-02  9.0486283273369947E-04  5.0685008324474388E-02  1.4087198290928640E-01
735  3.2862458833347234E-04  6.5825470846328463E-02  9.0517286754145782E-04  5.0805593157712055E-02  1.4087101931959123E-01
736  3.3486358786276473E-04  6.5789038720846363E-02  9.0545360285316167E-04  5.0924164647800169E-02  1.4087010952670115E-01
737  3.4258857555462572E-04  6.5749801692256443E-02  9.0553240541597815E-04  5.1035213557905877E-02  1.4086926558685112E-01
738  3.5265205232441136E-04  6.5708748248684432E-02  9.0520345232843874E-04  5.1136834047763140E-02  1.4086843299584192E-01
739  3.6038423833541352E-04  6.5669981520613416E-02  9.0436249750903866E-04  5.1220113199396566E-02  1.4086757102262737E-01
740  3.6459704958097066E-04  6.5637127323267319E-02  9.0309243790692587E-04  5.1276715791141458E-02  1.4086664626910400E-01
741  3.7178691182887660E-04  6.5611186537298541E-02  9.0149118929825798E-04  5.1302757810658087E-02  1.4086563074691030E-01
742  3.7390057203164155E-04  6.5591551659379799E-02  8.9951010732517334E-04  5.1302864828743050E-02  1.4086449855304894E-01
743  3.7096061679423237E-04  6.5579071038057060E-02  8.9749725710638092E-04  5.1282338055506908E-02  1.4086328863615458E-01
744  3.7195747950217746E-04  6.5573719311744202E-02  8.9582775832323816E-04  5.1239467297054968E-02  1.4086194529298163E-01
745  3.7550987038049803E-04  6.5575263561864675E-02  8.9464988494488557E-04  5.1169215397605404E-02  1.4086035812153139E-01
746  3.8182689771529640E-04  6.5583762372462065E-02  8.9394172336957364E-04  5.1067033496338829E-02  1.4085840306923869E-01
747  3.9105059400895714E-04  6.5600327574808090E-02  8.9369689133178673E-04  5.0933067451578377E-02  1.4085598046663289E-01
748  3.9999955358835122E-04  6.5626556610242928E-02  8.9385179835851372E-04  5.0773309453691774E-02  1.4085307088854754E-01
749  4.0820100696917086E-04  6.5662672777246758E-02  8.9433272097407619E-04  5.0596327821153607E-02  1.4084981660674528E-01
750  4.1382610514894706E-04  6.5707461801239056E-02  8.9527033960703855E-04  5.0403644760865576E-02  1.4084643922183182E-01
751  4.1824229368798624E-04  6.5756908294742150E-02  8.9656144773960183E-04  5.0199775365657735E-02  1.4084328513162347E-01
752  4.2255019071510468E-04  6.5806872812895614E-02  8.9797581049278418E-04  4.9988819203501893E-02  1.4084057813936648E-01
753  4.2243268225626644E-04  6.5853212593402197E-02  8.9931600530416449E-04  4.9783411670521201E-02  1.4083845739997852E-01
754  4.2957037952047537E-04  6.5897612330905408E-02  9.0044998827188110E-04  4.9581975211151513E-02  1.4083678641910014E-01
755  4.3298618995740625E-04  6.5941901433833938E-02  9.0120100054650893E-04  4.9388137530351109E-02  1.4083541106793548E-01
756  4.3524778158107345E-04  6.5984752491658014E-02  9.0162219218485975E-04  4.9209774672825182E-02  1.4083415389491252E-01
757  4.3289389466992295E-04  6.6021728728779649E-02  9.0193894158558231E-04  4.9064195207076416E-02  1.4083280226440839E-01
758  4.3133443053166583E-04  6.6049990481238927E-02  9.0213218979205353E-04  4.8965934800402566E-02  1.4083114380659864E-01
759  4.2915531298332417E-04  6.6069529649040670E-02  9.0216724845629606E-04  4.8920980483293457E-02  1.4082915601516471E-01
760  4.3661322277248094E-04  6.6082597255069472E-02  9.0234013256181955E-04  4.8923655094460713E-02  1.4082697645269862E-01
761  4.3897044502539572E-04  6.6090106416902480E-02  9.0286147945348139E-04  4.8967306945576203E-02  1.4082489311232763E-01
762  4.3494540389762016E-04  6.6089625728074614E-02  9.0370756137752022E-04  4.9045839687396640E-02  1.4082328234842559E-01
763  4.2966942258902712E-04  6.6078226403266729E-02  9.0458911244055656E-04  4.9156720512867708E-02  1.4082223737670099E-01
764  4.2586977283288547E-04  6.6055240605342763E-02  9.0539476170170541E-04  4.9302439120155153E-02  1.4082160200903798E-01
765  4.2719723145688050E-04  6.6024079788124038E-02  9.0605357573822780E-04  4.9477660144229156E-02  1.4082118630290230E-01
766  4.2996902497462837E-04  6.5987400369812640E-02  9.0663068020970167E-04  4.9681623639890614E-02  1.4082084752701768E-01
767  4.2816543864890988E-04  6.5947764489980409E-02  9.0703769627342354E-04  4.9901312801987667E-02  1.4082056083005909E-01
768  4.2014251308005747E-04  6.5905437729134778E-02  9.0725673250516064E-04  5.0122407361250024E-02  1.4082033723153059E-01
769  4.1828146001188075E-04  6.5860054556757697E-02  9.0711785329731706E-04  5.0333000214573077E-02  1.4082014983595392E-01
770  4.2310235854781309E-04  6.5810593225926584E-02  9.0664506173901991E-04  5.0534167160307876E-02  1.4081986850349174E-01
771  4.2645845842371083E-04  6.5761671569145211E-02  9.0600743006692349E-04  5.0717964016736818E-02  1.4081928953691061E-01
772  4.2697727672133106E-04  6.5718176901753717E-02  9.0524478536802282E-04  5.0882592939817901E-02  1.4081821227713689E-01
773  4.2524002983630049E-04  6.5682894477385886E-02  9.0448844999281488E-04  5.1028953986757657E-02  1.4081658084631093E-01
774  4.2912422126847817E-04  6.5652926022937791E-02  9.0401750092147380E-04  5.1162847711329361E-02  1.4081442450081841E-01
775  4.3523527500574719E-04  6.5624696763033716E-02  9.0405356760445903E-04  5.1279242795566872E-02  1.4081185676680000E-01
776  4.3669177982044342E-04  6.5598585102174145E-02  9.0441941548961662E-04  5.1364669707150319E-02  1.4080912820541236E-01
777  4.3455853301150688E-04  6.5579914430547351E-02  9.0496457101428454E-04  5.1411224936660956E-02  1.4080655488238056E-01
778  4.3789754223484771E-04  6.5575028638006794E-02  9.0536802467483133E-04  5.1423110910493619E-02  1.4080430865420829E-01
779  4.4412140046885606E-04  6.5586893889329312E-02  9.0539834875541926E-04  5.1407217588513653E-02  1.4080232554078342E-01
780  4.4467857882583709E-04  6.5612265815676168E-02  9.0500324133842877E-04  5.1367184974974119E-02  1.4080051347104861E-01
781  4.4451165572548468E-04  6.5644004617213522E-02  9.0434370841757075E-04  5.1299821945956697E-02  1.4079866998461810E-01
782  4.4779661750904968E-04  6.5676348217510491E-02  9.0346118673112757E-04  5.1203320769902159E-02  1.4079659573423056E-01
783  4.4345426117992380E-04  6.5707755904777565E-02  9.0239731075299700E-04  5.1083227095674810E-02  1.4079419653152520E-01
784  4.4224653055126956E-04  6.5739294040011442E-02  9.0129554999059743E-04  5.0946172943112752E-02  1.4079156488427499E-01
785  4.4299340212946659E-04  6.5774653738712302E-02  9.0050984131662484E-04  5.0787166647121927E-02  1.4078877580187465E-01
786  4.4474751470439196E-04  6.5814699998880219E-02  9.0016805301774191E-04  5.0605085938806901E-02  1.4078609836852052E-01
787  4.4038466303561848E-04  6.5857396035367236E-02  9.0016496055451880E-04  5.0403597840583805E-02  1.4078380626313514E-01
788  4.3687195665579324E-04  6.5898244702871311E-02  9.0023597481898388E-04  5.0195219763734547E-02  1.4078212680831634E-01
789  4.3025277663054427E-04  6.5936044177679315E-02  9.0009092903076040E-04  4.9992095054556845E-02  1.4078105610452352E-01
790  4.3109063051307016E-04  6.5971673323771240E-02  8.9974250851895159E-04  4.9804656673657709E-02  1.4078048051942105E-01
791  4.2910462354537173E-04  6.6006302929132635E-02  8.9943193291898242E-04  4.9634745589355600E-02  1.4078021672082414E-01
792  4.2863234069424845E-04  6.6039162113967917E-02  8.9898288601903266E-04  4.9484283170604729E-02  1.4078007761495553E-01
793  4.2835517185215452E-04  6.6068295910182415E-02  8.9842224352737563E-04  4.9357063379007034E-02  1.4077988386866572E-01
794  4.2834086918183293E-04  6.6092315448863778E-02  8.9805774560500727E-04  4.9262060543899554E-02  1.4077949867616199E-01
795  4.3448809819764280E-04  6.6111926116621672E-02  8.9785831994897646E-04  4.9204993733163532E-02  1.4077885443845978E-01
796  4.3445660021550686E-04  6.6129649115966777E-02  8.9801210957703506E-04  4.9183767350354561E-02  1.4077796243401075E-01
797  4.3490081508732419E-04  6.6145990043981015E-02  8.9863877418247615E-04  4.9194384384112409E-02  1.4077693453900955E-01
798  4.3522034044791026E-04  6.6160125008623685E-02  8.9969041498570268E-04  4.9233447822152818E-02  1.4077581563579789E-01
799  4.3620245608693206E-04  6.6168505408054010E-02  9.0098500403427571E-04  4.9301039417136719E-02  1.4077463122981809E-01
800  4.3484690890415909E-04  6.6167482048592158E-02  9.0264326526208070E-04  4.9396356617445514E-02  1.4077334087086679E-01
801  4.2576423946828708E-04  6.6155183206234494E-02  9.0431916720077417E-04  4.9514451852460617E-02  1.4077195271355650E-01
802  4.1581704388685966E-04  6.6132186329309034E-02  9.0584013537392755E-04  4.9647007649300821E-02  1.4077053269074652E-01
803  4.0207168559284497E-04  6.6100731882762831E-02  9.0715508404046782E-04  4.9786257278476763E-02  1.4076918098659658E-01
804  3.9283253985067536E-04  6.6064539150979998E-02  9.0808220391534853E-04  4.9923543402436626E-02  1.4076799806154250E-01
805  3.8274783193816106E-04  6.6025735389071319E-02  9.0841806468365560E-04  5.0061076724163989E-02  1.4076694237626974E-01
806  3.7084190861575773E-04  6.5987883568458597E-02  9.0800479515037969E-04  5.0189743777705811E-02  1.4076599705240153E-01
807  3.5468914969769390E-04  6.5951255361865538E-02  9.0719982568783074E-04  5.0306099555230514E-02  1.4076507995101079E-01
808  3.4136231717021452E-04  6.5917938691818403E-02  9.0623300556683215E-04  5.0403298910980374E-02  1.4076416299933012E-01
809  3.2753614562260568E-04  6.5887782670961029E-02  9.0522771180204199E-04  5.0484344412922599E-02  1.4076317381068623E-01
810  3.1836537558874281E-04  6.5860609302437423E-02  9.0429353386367378E-04  5.0549489194836289E-02  1.4076210725564178E-01
811  3.0213144214903947E-04  6.5835385267512356E-02  9.0345707540411490E-04  5.0597915128968600E-02  1.4076100405951150E-01
812  2.9545081246337511E-04  6.5813061026852013E-02  9.0259148451794248E-04  5.0625565797450825E-02  1.4075994487582241E-01
813  2.9136768782393995E-04  6.5794863765894537E-02  9.0178582920589492E-04  5.0632263472708404E-02  1.4075893730003386E-01
814  2.8770194737692530E-04  6.5783111155891472E-02  9.0114606847627599E-04  5.0616472244010571E-02  1.4075804804475828E-01
815  2.7700526937256297E-04  6.5778471814539358E-02  9.0071991232695055E-04  5.0582513691786284E-02  1.4075733918301420E-01
816  2.7135699672018647E-04  6.5780315118321858E-02  9.0059774740803970E-04  5.0536426031699416E-02  1.4075682172927217E-01
817  2.6832136523527363E-04  6.5787911231309726E-02  9.0081432371213305E-04  5.0481025848145844E-02  1.4075644079271743E-01
818  2.6145366992068482E-04  6.5799516592321389E-02  9.0118891334107034E-04  5.0419572180098175E-02  1.4075615248175763E-01
819  2.5644242195364055E-04  6.5812880627321865E-02  9.0157903058662038E-04  5.0350923388408998E-02  1.4075587667067252E-01
820  2.5137342113505418E-04  6.5826758313948130E-02  9.0186476952434545E-04  5.0275858851440369E-02  1.4075552954034978E-01
821  2.4395850975401280E-04  6.5842265933864330E-02  9.0198598114090052E-04  5.0198696641393661E-02  1.4075506352858949E-01
822  2.3782061551421324E-04  6.5861415308942309E-02  9.0193316690180775E-04  5.0124689090744655E-02  1.4075449955279418E-01
823  2.2687584442149158E-04  6.5883953396728784E-02  9.0172897753774419E-04  5.0058909128331164E-02  1.4075394172856220E-01
824  2.1787019504519440E-04  6.5907617803645235E-02  9.0137858671805499E-04  5.0000671739705932E-02  1.4075349242771723E-01
825  2.0630428194491716E-04  6.5929527798723672E-02  9.0091834336104772E-04  4.9948203742571355E-02  1.4075318345210727E-01
826  1.9915745468952769E-04  6.5947597838170682E-02  9.0038319240663049E-04  4.9900719590783169E-02  1.4075295602465224E-01
827  1.9642686783679885E-04  6.5962329284599094E-02  8.9979994188384973E-04  4.9856955841293932E-02  1.4075269322966100E-01
828  1.9374132970232660E-04  6.5974851724656614E-02  8.9920242375007061E-04  4.9820457853687598E-02  1.4075232495552842E-01
829  1.8984235590401062E-04  6.5986709410936664E-02  8.9863287306187834E-04  4.9793930628321770E-02  1.4075187107498097E-01
830  1.8733052337554577E-04  6.5997849032168113E-02  8.9811596555593187E-04  4.9777237148943748E-02  1.4075143482095775E-01
831  1.8458872135356403E-04  6.6007088128531496E-02  8.9767277435139731E-04  4.9767490198839387E-02  1.4075112246632562E-01
832  1.7805232390711637E-04  6.6012744026615416E-02  8.9732023900510234E-04  4.9764102819710054E-02  1.4075102640087828E-01
833  1.6923429649692230E-04  6.6014869571777768E-02  8.9700470143476744E-04  4.9767107296631759E-02  1.4075114293582219E-01
834  1.6356038167750125E-04  6.6014560885722481E-02  8.9666651515166846E-04  4.9776012372106368E-02  1.4075138458297409E-01
835  1.5983648564863953E-04  6.6012796456344461E-02  8.9632768417872185E-04  4.9790211378353995E-02  1.4075163130201571E-01
836  1.5565255231952943E-04  6.6009940463213804E-02  8.9605334881548459E-04  4.9808586051747428E-02  1.4075176117828334E-01
837  1.4818165192001146E-04  6.6005952869101617E-02  8.9590983094964879E-04  4.9828774453230841E-02  1.4075171102663633E-01
838  1.4123842265230965E-04  6.6000649351903959E-02  8.9597228763818224E-04  4.9848045413409904E-02  1.4075151471683606E-01
839  1.3753117292917864E-04  6.5993451837007083E-02  8.9627927907307155E-04  4.9866997670064882E-02  1.4075126746338967E-01
840  1.3453318687436813E-04  6.5983955656017890E-02  8.9683462719815149E-04  4.9888754943391199E-02  1.4075107225489880E-01
841  1.3095624384757529E-04  6.5972557181245547E-02  8.9760029522349542E-04  4.9916220460567998E-02  1.4075098125836757E-01
842  1.2618467306395439E-04  6.5961089089420888E-02  8.9845019995018409E-04  4.9947845874958451E-02  1.4075097622781760E-01
843  1.2510526536769283E-04  6.5950746245784508E-02  8.9930500860641851E-04  4.9980754389191896E-02  1.4075099561682330E-01
844  1.2523710324959097E-04  6.5941806519986185E-02  9.0014145935086683E-04  5.0012933242735980E-02  1.4075099147836392E-01
845  1.2417692903152116E-04  6.5933883669422377E-02  9.0091032576678257E-04  5.0043438870067715E-02  1.4075095767795093E-01
846  1.2139972521979098E-04  6.5926061734536689E-02  9.0153887973302201E-04  5.0071019813549097E-02  1.4075092544539330E-01
847  1.2103498208174817E-04  6.5916962521695779E-02  9.0200199877073142E-04  5.0096179082665407E-02  1.4075092894721211E-01
848  1.1886505850155669E-04  6.5906462691458806E-02  9.0231527802791037E-04  5.0118978339835522E-02  1.4075097920045307E-01
849  1.1578738641637673E-04  6.5896109487746060E-02  9.0248782078267587E-04  5.0138759022632061E-02  1.4075105468053350E-01
850  1.1279441906718611E-04  6.5888114509151122E-02  9.0249906442563341E-04  5.0154212726994225E-02  1.4075111124225972E-01
851  1.0925788659179019E-04  6.5883730695480161E-02  9.0233663761582819E-04  5.0163948228177380E-02  1.4075110488861961E-01
852  1.0528506069237629E-04  6.5882587836190706E-02  9.0201815646047498E-04  5.0166958584177634E-02  1.4075100846071190E-01
853  1.0244243632271985E-04  6.5882906877505143E-02  9.0157617740694663E-04  5.0163495930167092E-02  1.4075082096736496E-01
854  1.0027634395270722E-04  6.5883254637008809E-02  9.0103221504470520E-04  5.0154468978350693E-02  1.4075056499508920E-01
855  9.8322598661371071E-05  6.5883720334265247E-02  9.0040969876253169E-04  5.0140761679600611E-02  1.4075028204777451E-01
856  9.8520045820621411E-05  6.5885530820462057E-02  8.9972517777955061E-04  5.0123086784402075E-02  1.4075001544935578E-01
857  9.7512386028154481E-05  6.5889746400734583E-02  8.9902271101905719E-04  5.0102019251450351E-02  1.4074978909778832E-01
858  9.5872911882498405E-05  6.5896340493445796E-02  8.9837262932030771E-04  5.0078920148001776E-02  1.4074960319985005E-01
859  9.4844400610471962E-05  6.5904788601017936E-02  8.9778579727272593E-04  5.0053932246312410E-02  1.4074941277207015E-01
860  9.3227211169717990E-05  6.5914367501606050E-02  8.9729096175524469E-04  5.0027637889865015E-02  1.4074916895789510E-01
861  9.0255877059440911E-05  6.5924272334937292E-02  8.9692121217982001E-04  5.0001827345126440E-02  1.4074885862827094E-01
862  8.6912062613921627E-05  6.5933332972295061E-02  8.9668949531546323E-04  4.9979627648279304E-02  1.4074852886009168E-01
863  8.4329285669605604E-05  6.5941105346989728E-02  8.9659182870310307E-04  4.9961790952915315E-02  1.4074823598342664E-01
864  8.0854859478776380E-05  6.5947251134665888E-02  8.9662914225528776E-04  4.9948594950782708E-02  1.4074804533234961E-01
865  7.8372615037283934E-05  6.5952375918582606E-02  8.9678728876960991E-04  4.9938576091197437E-02  1.4074797779457571E-01
866  7.5433180613433966E-05  6.5957111031715004E-02  8.9703232810697375E-04  4.9930966822246008E-02  1.4074801715341589E-01
867  7.2904868943109854E-05  6.5961507274190048E-02  8.9730136101717111E-04  4.9926295487652032E-02  1.4074812167643008E-01
868  7.0867379810761385E-05  6.5965059685715699E-02  8.9753768098044045E-04  4.9925589744588134E-02  1.4074824364676150E-01
869  6.9179423070034297E-05  6.5967109107426924E-02  8.9771758018132748E-04  4.9929306521535842E-02  1.4074834660854429E-01
870  6.7734413122690326E-05  6.5967267847725317E-02  8.9784698721486888E-04  4.9936629620118564E-02  1.4074841042823646E-01
871  6.6647557490369665E-05  6.5965724892972408E-02  8.9794843205041061E-04  4.9946331547298904E-02  1.4074843297776332E-01
872  6.6705473030045451E-05  6.5963170447547292E-02  8.9804115689286494E-04  4.9957297314728547E-02  1.4074842157964160E-01
873  6.5152033831058793E-05  6.5960196397655893E-02  8.9814911954732299E-04  4.9969607611024848E-02  1.4074839078028045E-01
874  6.3030939151620036E-05  6.5957253808635277E-02  8.9827340612674996E-04  4.9981781196972212E-02  1.4074836052789591E-01
875  6.2091400349952584E-05  6.5953845595786931E-02  8.9841944434857206E-04  4.9993590357161333E-02  1.4074834015451668E-01
876  6.2346340354232796E-05  6.5949665211371591E-02  8.9857917264354978E-04  5.0003657629157962E-02  1.4074833097022152E-01
877  6.2360882585239341E-05  6.5944479559537278E-02  8.9875731206115689E-04  5.0011700051239637E-02  1.4074832676432888E-01
878  6.1648972452288118E-05  6.5938554774909050E-02  8.9894237418763640E-04  5.0017669884195322E-02  1.4074832176714661E-01
879  6.0969719883246857E-05  6.5931792120467334E-02  8.9913104025760233E-04  5.0022306817503054E-02  1.4074831486473849E-01
880  5.9252177527454266E-05  6.5924654094609320E-02  8.9930809631724111E-04  5.0025613138007068E-02  1.4074831108548172E-01
881  5.8224746298646603E-05  6.5917975927198474E-02  8.9945011969646486E-04  5.0027165809348295E-02  1.4074831894250833E-01
882  5.7042000721086941E-05  6.5912378246392594E-02  8.9954622931161612E-04  5.0026964384592303E-02  1.4074834524346830E-01
883  5.5729524256781990E-05  6.5908400360896652E-02  8.9959275171288828E-04  5.0025669579160180E-02  1.4074838648599197E-01
884  5.4714116549442167E-05  6.5905693295099738E-02  8.9959543101331412E-04  5.0024175266365274E-02  1.4074842908449015E-01
885  5.4691020073382696E-05  6.5903730355490978E-02  8.9956123531258680E-04  5.0022857698363406E-02  1.4074845186300478E-01
886  5.4825382581931844E-05  6.5902069754238846E-02  8.9949700457529346E-04  5.0021236249755699E-02  1.4074843617907265E-01
887  5.4293548200569395E-05  6.5900831152200995E-02  8.9941085213006238E-04  5.0018871025713590E-02  1.4074837056230932E-01
888  5.2197613175084968E-05  6.5900476400775496E-02  8.9930827209960525E-04  5.0016375557788470E-02  1.4074826197049356E-01
889  5.0780932772729131E-05  6.5901294107240410E-02  8.9918694784331345E-04  5.0014968104952345E-02  1.4074813203058681E-01
890  4.8511402778869987E-05  6.5903202645138756E-02  8.9904176620438472E-04  5.0015347233763933E-02  1.4074801070834378E-01
891  4.6470936321197436E-05  6.5905914858235451E-02  8.9887309253711850E-04  5.0017066549242407E-02  1.4074792331837929E-01
892  4.4821258123417921E-05  6.5909093838702984E-02  8.9868273459395938E-04  5.0018969953480326E-02  1.4074787456148430E-01
893  4.3270348803153398E-05  6.5912325948586287E-02  8.9847643880494956E-04  5.0020064032928906E-02  1.4074785602470644E-01
894  4.2228097664382227E-05  6.5915493809029502E-02  8.9825991763472222E-04  5.0020052180114946E-02  1.4074785368704235E-01
895  4.1074201946571370E-05  6.5918821116498341E-02  8.9804263992067813E-04  5.0019253453237954E-02  1.4074785523317843E-01
896  4.0210280166582523E-05  6.5922512750534346E-02  8.9783621131799983E-04  5.0018075903461828E-02  1.4074785193020631E-01
897  3.9021579986498523E-05  6.5926356617345222E-02  8.9765107470612102E-04  5.0016703690939308E-02  1.4074783760421292E-01
898  3.7570956458005605E-05  6.5929769674604274E-02  8.9749160437466266E-04  5.0015034886680361E-02  1.4074780870039824E-01
899  3.5629672239920306E-05  6.5932258149895895E-02  8.9735625879898851E-04  5.0012758833718675E-02  1.4074776559811886E-01
900  3.4182443411058717E-05  6.5933820579326147E-02  8.9724336965733593E-04  5.0009563665892105E-02  1.4074771199811659E-01
901  3.3082754126155720E-05  6.5935010397788152E-02  8.9715217167194892E-04  5.0005351221289983E-02  1.4074765260671041E-01
902  3.2037283030179756E-05  6.5936397007002184E-02  8.9709133441808386E-04  5.0000576675447508E-02  1.4074759759787855E-01
903  3.1305765303371286E-05  6.5938157442274159E-02  8.9706877595525643E-04  4.9995765714385541E-02  1.4074755881097484E-01
904  3.0545914232398349E-05  6.5939891038145015E-02  8.9709169917054994E-04  4.9991355734109018E-02  1.4074754836710027E-01
905  3.0136137638893058E-05  6.5940987940791312E-02  8.9716269895494293E-04  4.9987572009500734E-02  1.4074757340625468E-01
906  2.9596722902338176E-05  6.5941071415533833E-02  8.9728148612974940E-04  4.9984592057106501E-02  1.4074763136050800E-01
907  2.8640753006206641E-05  6.5940211988255434E-02  8.9744172253164998E-04  4.9982582798158669E-02  1.4074770578481949E-01
908  2.7742323499929369E-05  6.5938844240591793E-02  8.9763420264052395E-04  4.9981372912975601E-02  1.4074777232931229E-01
909  2.6542487295714845E-05  6.5937386817173968E-02  8.9784610043131268E-04  4.9980586285546309E-02  1.4074781024012897E-01
910  2.5866407395314897E-05  6.5935934948329028E-02  8.9806490410198106E-04  4.9979967877675918E-02  1.4074781181217486E-01
911  2.5287403125486619E-05  6.5934292505547762E-02  8.9828416123919317E-04  4.9979512743217061E-02  1.4074778445457359E-01
912  2.5085119048008364E-05  6.5932280203502530E-02  8.9849167744180118E-04  4.9979425203727473E-02  1.4074774412162050E-01
913  2.4578680757842391E-05  6.5929845988450350E-02  8.9867753618700697E-04  4.9979886199648313E-02  1.4074770712777931E-01
914  2.4003721692057522E-05  6.5927187063288886E-02  8.9882191154690139E-04  4.9980841203823179E-02  1.4074768494020803E-01
915  2.3154431167356998E-05  6.5924471275516719E-02  8.9891531232227971E-04  4.9982027841149454E-02  1.4074767796433646E-01
916  2.2216314596976161E-05  6.5921969868807662E-02  8.9895052702901269E-04  4.9983179154108534E-02  1.4074768038860688E-01
917  2.1398508597337752E-05  6.5919830520305617E-02  8.9893071827573830E-04  4.9984314837567455E-02  1.4074768480336167E-01
918  2.0477392390381798E-05  6.5918208317387053E-02  8.9886338102514217E-04  4.9985605718791945E-02  1.4074768631908174E-01
919  1.9620965314818011E-05  6.5917104580590927E-02  8.9875547548004672E-04  4.9987184709357077E-02  1.4074768440721402E-01
920  1.9145640458368286E-05  6.5916435421291344E-02  8.9861070160251631E-04  4.9988987373482160E-02  1.4074768209506872E-01
921  1.8667864158286903E-05  6.5916120203874273E-02  8.9843281876834610E-04  4.9990831213213800E-02  1.4074768364164078E-01
922  1.8307292509570001E-05  6.5916165120237763E-02  8.9823490356655462E-04  4.9992552698614863E-02  1.4074769143952903E-01
923  1.7761831971534198E-05  6.5916591033800959E-02  8.9803353511525344E-04  4.9994186970846795E-02  1.4074770310509474E-01
924  1.7098167937066053E-05  6.5917338345514220E-02  8.9784846870727853E-04  4.9995828909877825E-02  1.4074771118170284E-01
925  1.6371651785350792E-05  6.5918253735856108E-02  8.9769023752665279E-04  4.9997551119677859E-02  1.4074770688281929E-01
926  1.5729547122180367E-05  6.5919183029703426E-02  8.9756270547144881E-04  4.9999339036048612E-02  1.4074768467290882E-01
927  1.5099287594119225E-05  6.5920076379045123E-02  8.9746605253532361E-04  5.0001160582637851E-02  1.4074764488665240E-01
928  1.4531310356261881E-05  6.5920984060521340E-02  8.9740119156162055E-04  5.0002985848199767E-02  1.4074759246356647E-01
929  1.4028718195970370E-05  6.5921976331667020E-02  8.9737012633110398E-04  5.0004746848601116E-02  1.4074753437851020E-01
930  1.3451786721240522E-05  6.5923049530721090E-02  8.9737374554746884E-04  5.0006307004257504E-02  1.4074747798542278E-01
931  1.3080192060120039E-05  6.5924106264021343E-02  8.9740915240814323E-04  5.0007542396045906E-02  1.4074742931526341E-01
932  1.3150211745026164E-05  6.5925108039169747E-02  8.9747333059152711E-04  5.0008512506996138E-02  1.4074738810115781E-01
933  1.3361620925884370E-05  6.5926028298837661E-02  8.9756118129211214E-04  5.0009277590639896E-02  1.4074735418510451E-01
934  1.3401129680563350E-05  6.5926921343557029E-02  8.9766633541815601E-04  5.0009880645448104E-02  1.4074732556630806E-01
935  1.2981211013232569E-05  6.5927794784629762E-02  8.9777417104463251E-04  5.0010295519006133E-02  1.4074729996160165E-01
936  1.2674875573929292E-05  6.5928619702711327E-02  8.9787513874644534E-04  5.0010523738629117E-02  1.4074727317008737E-01
937  1.2514589517196285E-05  6.5929331980591283E-02  8.9796540310697166E-04  5.0010567677035773E-02  1.4074724247922910E-01
938  1.2276814635627334E-05  6.5929870802342486E-02  8.9804272018376543E-04  5.0010341139019115E-02  1.4074720904957336E-01
939  1.1953039613223470E-05  6.5930194978975759E-02  8.9810402547698060E-04  5.0009700948764585E-02  1.4074717800447883E-01
940  1.1741401022146254E-05  6.5930325843688395E-02  8.9815300638913180E-04  5.0008592836945032E-02  1.4074715295092544E-01
941  1.1504292448603727E-05  6.5930299683683774E-02  8.9819652898950615E-04  5.0007150448216013E-02  1.4074713463094060E-01
942  1.1267377553031101E-05  6.5930122685466233E-02  8.9823761516247410E-04  5.0005652828663191E-02  1.4074712238888096E-01
943  1.1019799372217752E-05  6.5929755116600111E-02  8.9827624350940561E-04  5.0004195158868336E-02  1.4074711423032360E-01
944  1.0775215088986316E-05  6.5929177024213109E-02  8.9830687865345769E-04  5.0002725229119305E-02  1.4074710888573552E-01
945  1.0511312298947302E-05  6.5928413732094987E-02  8.9832577436735632E-04  5.0001017283231787E-02  1.4074710527831585E-01
946  1.0398227911580756E-05  6.5927569163252042E-02  8.9832997135570346E-04  4.9998995614828089E-02  1.4074710353437195E-01
947  1.0355088510966682E-05  6.5926721213083531E-02  8.9831884651329420E-04  4.9996732298456879E-02  1.4074710508201874E-01
948  1.0218982762722629E-05  6.5925937110070068E-02  8.9829333566034369E-04  4.9994542683011789E-02  1.4074711160863682E-01
949  1.0295772229396360E-05  6.5925202985127662E-02  8.9825496602889958E-04  4.9992635452566235E-02  1.4074712242923726E-01
950  1.0391177918754551E-05  6.5924452322287219E-02  8.9820419616497206E-04  4.9990973810601143E-02  1.4074713314001400E-01
951  1.0224731366339648E-05  6.5923700798174195E-02  8.9814474486711322E-04  4.9989529360748422E-02  1.4074713623454890E-01
952  1.0030835977880039E-05  6.5923010900750131E-02  8.9808090136593902E-04  4.9988277394577771E-02  1.4074712687083182E-01
953  9.9508523902809729E-06  6.5922426995086894E-02  8.9801577463514081E-04  4.9987261683934803E-02  1.4074710593007733E-01
